--
-- PostgreSQL database dump
--

SET statement_timeout = 0;
SET client_encoding = 'UTF8';
SET standard_conforming_strings = on;
SET check_function_bodies = false;
SET client_min_messages = warning;

--
-- Name: plpgsql; Type: EXTENSION; Schema: -; Owner: 
--

CREATE EXTENSION IF NOT EXISTS plpgsql WITH SCHEMA pg_catalog;


--
-- Name: EXTENSION plpgsql; Type: COMMENT; Schema: -; Owner: 
--

COMMENT ON EXTENSION plpgsql IS 'PL/pgSQL procedural language';


SET search_path = public, pg_catalog;

--
-- Name: tenses; Type: TYPE; Schema: public; Owner: postgres
--

CREATE TYPE tenses AS ENUM (
    'Present',
    'Preterite',
    'Imperfect',
    'Conditional',
    'Future'
);


ALTER TYPE public.tenses OWNER TO postgres;

SET default_tablespace = '';

SET default_with_oids = false;

--
-- Name: category; Type: TABLE; Schema: public; Owner: spanglish_scripter; Tablespace: 
--

CREATE TABLE category (
    id integer NOT NULL,
    name character varying NOT NULL
);


ALTER TABLE public.category OWNER TO spanglish_scripter;

--
-- Name: category_id_seq; Type: SEQUENCE; Schema: public; Owner: spanglish_scripter
--

CREATE SEQUENCE category_id_seq
    START WITH 1
    INCREMENT BY 1
    NO MINVALUE
    NO MAXVALUE
    CACHE 1;


ALTER TABLE public.category_id_seq OWNER TO spanglish_scripter;

--
-- Name: category_id_seq; Type: SEQUENCE OWNED BY; Schema: public; Owner: spanglish_scripter
--

ALTER SEQUENCE category_id_seq OWNED BY category.id;


--
-- Name: result; Type: TABLE; Schema: public; Owner: postgres; Tablespace: 
--

CREATE TABLE result (
    id integer NOT NULL,
    word integer,
    sentence integer,
    attempts integer DEFAULT 1,
    created timestamp without time zone DEFAULT now()
);


ALTER TABLE public.result OWNER TO postgres;

--
-- Name: result_id_seq; Type: SEQUENCE; Schema: public; Owner: postgres
--

CREATE SEQUENCE result_id_seq
    START WITH 1
    INCREMENT BY 1
    NO MINVALUE
    NO MAXVALUE
    CACHE 1;


ALTER TABLE public.result_id_seq OWNER TO postgres;

--
-- Name: result_id_seq; Type: SEQUENCE OWNED BY; Schema: public; Owner: postgres
--

ALTER SEQUENCE result_id_seq OWNED BY result.id;


--
-- Name: sentence; Type: TABLE; Schema: public; Owner: postgres; Tablespace: 
--

CREATE TABLE sentence (
    id integer NOT NULL,
    sentence character varying(255) NOT NULL,
    sentence_en character varying(255) NOT NULL,
    category integer,
    created timestamp without time zone DEFAULT now()
);


ALTER TABLE public.sentence OWNER TO postgres;

--
-- Name: sentence_id_seq; Type: SEQUENCE; Schema: public; Owner: postgres
--

CREATE SEQUENCE sentence_id_seq
    START WITH 1
    INCREMENT BY 1
    NO MINVALUE
    NO MAXVALUE
    CACHE 1;


ALTER TABLE public.sentence_id_seq OWNER TO postgres;

--
-- Name: sentence_id_seq; Type: SEQUENCE OWNED BY; Schema: public; Owner: postgres
--

ALTER SEQUENCE sentence_id_seq OWNED BY sentence.id;


--
-- Name: verb; Type: TABLE; Schema: public; Owner: postgres; Tablespace: 
--

CREATE TABLE verb (
    id integer NOT NULL,
    word integer,
    tense tenses NOT NULL,
    yo character varying(32) DEFAULT NULL::character varying,
    tu character varying(32) DEFAULT NULL::character varying,
    usted character varying(32) DEFAULT NULL::character varying,
    nosotros character varying(32) DEFAULT NULL::character varying,
    vosotros character varying(32) DEFAULT NULL::character varying,
    ustedes character varying(32) DEFAULT NULL::character varying,
    created timestamp without time zone DEFAULT now()
);


ALTER TABLE public.verb OWNER TO postgres;

--
-- Name: verb_id_seq; Type: SEQUENCE; Schema: public; Owner: postgres
--

CREATE SEQUENCE verb_id_seq
    START WITH 1
    INCREMENT BY 1
    NO MINVALUE
    NO MAXVALUE
    CACHE 1;


ALTER TABLE public.verb_id_seq OWNER TO postgres;

--
-- Name: verb_id_seq; Type: SEQUENCE OWNED BY; Schema: public; Owner: postgres
--

ALTER SEQUENCE verb_id_seq OWNED BY verb.id;


--
-- Name: word; Type: TABLE; Schema: public; Owner: postgres; Tablespace: 
--

CREATE TABLE word (
    id integer NOT NULL,
    word character varying(50) NOT NULL,
    word_en character varying(100) NOT NULL,
    category integer,
    created timestamp without time zone DEFAULT now()
);


ALTER TABLE public.word OWNER TO postgres;

--
-- Name: word_id_seq; Type: SEQUENCE; Schema: public; Owner: postgres
--

CREATE SEQUENCE word_id_seq
    START WITH 1
    INCREMENT BY 1
    NO MINVALUE
    NO MAXVALUE
    CACHE 1;


ALTER TABLE public.word_id_seq OWNER TO postgres;

--
-- Name: word_id_seq; Type: SEQUENCE OWNED BY; Schema: public; Owner: postgres
--

ALTER SEQUENCE word_id_seq OWNED BY word.id;


--
-- Name: id; Type: DEFAULT; Schema: public; Owner: spanglish_scripter
--

ALTER TABLE ONLY category ALTER COLUMN id SET DEFAULT nextval('category_id_seq'::regclass);


--
-- Name: id; Type: DEFAULT; Schema: public; Owner: postgres
--

ALTER TABLE ONLY result ALTER COLUMN id SET DEFAULT nextval('result_id_seq'::regclass);


--
-- Name: id; Type: DEFAULT; Schema: public; Owner: postgres
--

ALTER TABLE ONLY sentence ALTER COLUMN id SET DEFAULT nextval('sentence_id_seq'::regclass);


--
-- Name: id; Type: DEFAULT; Schema: public; Owner: postgres
--

ALTER TABLE ONLY verb ALTER COLUMN id SET DEFAULT nextval('verb_id_seq'::regclass);


--
-- Name: id; Type: DEFAULT; Schema: public; Owner: postgres
--

ALTER TABLE ONLY word ALTER COLUMN id SET DEFAULT nextval('word_id_seq'::regclass);


--
-- Data for Name: category; Type: TABLE DATA; Schema: public; Owner: spanglish_scripter
--

COPY category (id, name) FROM stdin;
1	Verb
2	Day
3	Month
4	Number
5	Time
6	Calendar
7	Food
8	Clothes
9	Family
10	Professional
11	Feelings
12	Weather
13	Devices
14	Color
15	Song
16	General
17	Greeting
18	Adjective
19	Adverb
20	Event
21	Noun
22	Question
23	Directions
24	Face
25	body
\.


--
-- Name: category_id_seq; Type: SEQUENCE SET; Schema: public; Owner: spanglish_scripter
--

SELECT pg_catalog.setval('category_id_seq', 25, true);


--
-- Data for Name: result; Type: TABLE DATA; Schema: public; Owner: postgres
--

COPY result (id, word, sentence, attempts, created) FROM stdin;
63	1	\N	1	2019-02-25 21:17:00.747363
64	7	\N	1	2019-02-25 21:17:05.119682
65	3	\N	1	2019-02-25 21:17:23.145297
66	\N	3	1	2019-02-25 21:18:10.657043
67	\N	1	1	2019-02-25 21:18:20.555111
68	\N	6	1	2019-02-25 21:18:30.51968
69	\N	5	1	2019-02-25 21:18:37.420009
74	19	\N	10	2019-02-27 21:15:34.470652
75	6	\N	1	2019-02-27 21:28:46.020008
76	20	\N	0	2019-02-27 21:29:00.285387
77	24	\N	2	2019-02-27 21:30:21.561568
78	3	\N	1	2019-02-27 21:32:26.871375
79	22	\N	1	2019-02-27 21:38:05.028947
80	1	\N	1	2019-02-27 21:39:50.351143
83	2	\N	1	2019-02-27 21:49:22.878871
84	\N	\N	5	2019-02-28 21:43:53.560355
85	\N	\N	1	2019-02-28 21:46:22.820065
86	\N	\N	1	2019-02-28 21:46:53.919013
87	\N	\N	1	2019-02-28 21:46:58.150185
88	\N	\N	1	2019-02-28 21:47:03.550153
89	2	\N	1	2019-02-28 21:53:33.024153
90	6	\N	1	2019-02-28 21:54:08.248025
91	7	\N	1	2019-02-28 21:54:18.41969
93	4	\N	1	2019-02-28 21:54:31.062272
94	\N	3	1	2019-02-28 21:54:43.788083
95	\N	6	1	2019-02-28 21:54:59.956465
35	\N	4	1	2019-02-25 20:29:15.319774
36	\N	2	1	2019-02-25 20:29:38.793141
96	\N	5	1	2019-02-28 21:55:33.69615
97	\N	2	1	2019-02-28 21:55:44.376061
98	1	\N	8	2019-02-28 22:05:36.670611
101	24	\N	1	2019-02-28 22:06:12.019704
102	\N	4	1	2019-02-28 22:08:43.019696
103	\N	1	1	2019-02-28 22:08:51.792414
104	2	\N	1	2019-03-01 08:04:30.192231
105	21	\N	1	2019-03-01 08:04:39.482642
107	4	\N	1	2019-03-01 08:05:21.544756
108	23	\N	1	2019-03-02 19:13:04.888609
109	44	\N	1	2019-03-02 19:14:23.047845
110	4	\N	1	2019-03-02 19:14:54.045687
111	22	\N	1	2019-03-02 19:15:00.746084
112	23	\N	1	2019-03-04 10:38:08.246308
113	48	\N	1	2019-03-04 10:38:46.219698
114	3	\N	1	2019-03-04 10:38:54.780399
115	34	\N	1	2019-03-04 10:39:03.520305
116	60	\N	1	2019-03-04 19:04:28.919687
117	31	\N	1	2019-03-04 19:06:48.090757
118	44	\N	1	2019-03-04 19:07:04.182842
119	7	\N	1	2019-03-04 19:07:18.245188
120	26	\N	1	2019-03-04 19:07:26.992775
121	20	\N	1	2019-03-04 19:07:35.980784
122	32	\N	1	2019-03-04 19:09:13.748826
123	43	\N	1	2019-03-04 19:11:13.678827
124	33	\N	1	2019-03-04 19:11:17.479029
125	54	\N	1	2019-03-04 19:11:23.872835
126	36	\N	1	2019-03-04 19:12:24.219681
127	\N	1	1	2019-03-04 19:13:00.675069
128	\N	7	1	2019-03-04 19:13:14.878748
129	\N	2	1	2019-03-04 19:13:29.419677
130	\N	4	1	2019-03-04 19:13:36.246666
131	\N	9	1	2019-03-04 19:13:43.874678
132	\N	3	1	2019-03-04 19:14:26.554663
133	\N	6	1	2019-03-04 19:14:35.419678
134	\N	5	1	2019-03-04 19:14:46.99668
135	\N	8	2	2019-03-04 19:14:52.919678
136	21	\N	1	2019-03-04 19:15:43.72498
137	53	\N	1	2019-03-04 19:16:30.848796
138	57	\N	1	2019-03-04 19:17:10.678873
139	46	\N	1	2019-03-04 19:18:47.695175
140	55	\N	3	2019-03-04 19:19:39.090826
141	19	\N	1	2019-03-04 19:20:32.446703
142	22	\N	1	2019-03-04 19:21:00.850701
143	1	\N	1	2019-03-04 19:21:29.619685
144	24	\N	1	2019-03-04 19:21:57.146701
145	55	\N	1	2019-03-05 08:50:18.921187
146	53	\N	1	2019-03-05 08:51:11.025719
147	59	\N	1	2019-03-05 08:51:39.04412
148	47	\N	1	2019-03-05 08:51:44.522142
149	38	\N	3	2019-03-05 08:51:49.692164
150	1	\N	1	2019-03-05 08:53:01.543801
151	23	\N	1	2019-03-05 08:53:20.445373
152	37	\N	1	2019-03-05 08:53:44.776902
153	19	\N	1	2019-03-05 08:53:55.555277
154	39	\N	1	2019-03-05 08:54:31.022725
155	63	\N	1	2019-03-05 11:04:36.664216
156	24	\N	3	2019-03-05 11:04:49.486194
157	66	\N	2	2019-03-05 11:05:34.519949
158	68	\N	1	2019-03-05 11:05:53.984359
159	71	\N	1	2019-03-05 11:06:03.025049
160	33	\N	1	2019-03-05 11:06:10.775235
161	3	\N	1	2019-03-05 11:06:19.288129
162	61	\N	1	2019-03-05 11:06:23.840127
163	51	\N	1	2019-03-05 11:06:27.469485
164	2	\N	1	2019-03-05 11:06:30.99206
165	44	\N	1	2019-03-05 13:36:02.445285
166	67	\N	1	2019-03-05 13:36:41.125227
167	50	\N	1	2019-03-05 13:36:51.096003
168	76	\N	1	2019-03-05 13:37:01.734057
169	7	\N	2	2019-03-05 13:37:07.790277
170	79	\N	1	2019-03-05 13:37:22.380699
171	65	\N	1	2019-03-05 13:38:03.141366
172	31	\N	1	2019-03-05 13:38:11.631159
173	32	\N	2	2019-03-05 13:38:16.64018
174	25	\N	1	2019-03-05 13:38:38.719904
175	82	\N	1	2019-03-05 19:20:27.698267
176	70	\N	1	2019-03-05 19:20:40.476303
177	48	\N	1	2019-03-05 19:21:07.975245
178	27	\N	1	2019-03-05 19:21:14.974521
179	54	\N	16	2019-03-05 19:21:26.682566
180	81	\N	1	2019-03-05 19:22:57.395024
181	35	\N	1	2019-03-05 19:23:37.477316
182	49	\N	1	2019-03-05 19:23:42.119694
183	30	\N	4	2019-03-05 19:23:51.047369
185	37	\N	1	2019-03-06 08:01:37.137353
186	85	\N	10	2019-03-06 08:01:44.967526
187	46	\N	1	2019-03-06 08:03:14.828286
188	64	\N	2	2019-03-06 08:04:53.057955
189	59	\N	1	2019-03-06 08:05:10.82583
190	51	\N	1	2019-03-06 08:05:16.923272
191	68	\N	1	2019-03-06 08:05:20.680058
192	76	\N	1	2019-03-06 08:05:25.09632
193	80	\N	1	2019-03-06 08:05:32.728772
194	48	\N	1	2019-03-06 08:05:39.175354
195	49	\N	1	2019-03-06 08:15:47.135294
196	52	\N	1	2019-03-06 08:16:05.531567
197	2	\N	1	2019-03-06 08:16:10.090154
198	50	\N	1	2019-03-06 08:16:13.674391
199	47	\N	1	2019-03-06 08:16:19.633799
200	\N	14	1	2019-03-06 08:16:40.270216
201	\N	2	1	2019-03-06 08:17:06.745628
202	\N	10	2	2019-03-06 08:17:15.256115
203	\N	12	1	2019-03-06 08:17:50.425492
204	\N	8	1	2019-03-06 08:18:29.071385
205	\N	1	1	2019-03-06 08:18:41.623633
206	\N	9	4	2019-03-06 08:18:52.23851
207	\N	11	1	2019-03-06 08:20:29.446487
208	\N	3	1	2019-03-06 08:20:52.523974
209	\N	4	1	2019-03-06 08:20:58.466908
210	24	\N	6	2019-03-06 11:16:44.101218
211	7	\N	1	2019-03-06 11:17:43.491084
212	99	\N	1	2019-03-06 11:17:52.026209
213	94	\N	1	2019-03-06 11:18:04.372376
214	90	\N	1	2019-03-06 11:18:10.597375
215	69	\N	1	2019-03-06 11:18:19.275992
216	87	\N	1	2019-03-06 11:18:26.306968
217	82	\N	1	2019-03-06 11:18:54.926308
218	25	\N	1	2019-03-06 11:19:03.622276
219	4	\N	1	2019-03-06 11:19:07.691236
220	\N	7	4	2019-03-06 19:21:45.782546
221	39	\N	5	2019-03-06 19:27:35.552555
222	27	\N	4	2019-03-06 19:34:00.342986
223	66	\N	4	2019-03-06 19:34:17.621663
224	81	\N	1	2019-03-06 19:34:35.419964
225	95	\N	4	2019-03-06 19:39:10.995286
226	83	\N	1	2019-03-06 19:40:38.12154
227	85	\N	10	2019-03-06 19:44:50.77927
228	29	\N	4	2019-03-06 19:52:20.579631
229	72	\N	4	2019-03-06 19:52:56.945581
230	28	\N	4	2019-03-06 19:53:17.979653
231	96	\N	4	2019-03-06 19:55:29.619676
232	6	\N	4	2019-03-06 19:55:40.69363
233	70	\N	1	2019-03-06 19:55:55.789638
234	35	\N	1	2019-03-06 19:56:25.851777
253	107	\N	1	2019-03-07 07:52:51.189225
254	87	\N	1	2019-03-07 07:54:38.189747
255	78	\N	1	2019-03-07 07:55:24.523642
256	97	\N	15	2019-03-07 07:56:02.795281
257	46	\N	1	2019-03-07 07:59:09.065715
258	21	\N	1	2019-03-07 08:00:26.143642
259	73	\N	1	2019-03-07 08:00:56.183181
260	84	\N	23	2019-03-07 08:01:54.593671
261	85	\N	5	2019-03-07 08:04:11.827673
262	22	\N	1	2019-03-07 08:05:24.379742
263	50	\N	1	2019-03-07 08:23:46.121159
264	51	\N	1	2019-03-07 08:24:11.182314
265	47	\N	1	2019-03-07 08:24:14.729357
266	48	\N	1	2019-03-07 08:24:19.426709
267	2	\N	1	2019-03-07 08:24:23.857504
268	52	\N	1	2019-03-07 08:24:27.545118
269	49	\N	1	2019-03-07 08:24:31.897465
316	69	\N	1	2019-03-07 11:07:41.271005
317	95	\N	1	2019-03-07 11:07:52.496629
318	4	\N	1	2019-03-07 11:08:00.027927
319	103	\N	1	2019-03-07 11:08:03.750658
320	80	\N	2	2019-03-07 11:08:11.329073
321	82	\N	1	2019-03-07 11:08:28.600826
322	80	\N	1	2019-03-07 11:08:33.292825
323	96	\N	1	2019-03-07 11:08:36.40446
324	104	\N	1	2019-03-07 11:08:41.1278
325	6	\N	2	2019-03-07 11:08:51.847154
326	6	\N	1	2019-03-07 11:09:10.982136
327	76	\N	1	2019-03-07 11:09:18.470516
328	71	\N	1	2019-03-07 11:09:26.279205
329	90	\N	1	2019-03-07 11:10:36.093295
330	110	\N	1	2019-03-07 11:10:47.025931
331	108	\N	1	2019-03-07 11:10:59.829102
332	89	\N	1	2019-03-07 11:11:06.673348
333	35	\N	1	2019-03-07 11:11:09.535133
334	111	\N	1	2019-03-07 11:11:12.520192
335	29	\N	1	2019-03-07 11:11:20.149144
336	33	\N	4	2019-03-07 11:11:37.637946
337	33	\N	1	2019-03-07 11:11:52.723231
338	103	\N	1	2019-03-08 06:04:43.260668
339	104	\N	1	2019-03-08 06:04:56.946768
340	6	\N	1	2019-03-08 06:05:06.100739
341	115	\N	4	2019-03-08 06:05:13.872739
342	4	\N	1	2019-03-08 06:05:29.494765
343	76	\N	1	2019-03-08 06:05:34.080859
344	80	\N	1	2019-03-08 06:05:40.244775
345	71	\N	1	2019-03-08 06:05:46.044895
346	95	\N	1	2019-03-08 06:05:51.584764
347	116	\N	4	2019-03-08 06:05:57.970782
348	116	\N	1	2019-03-08 06:06:20.87283
349	96	\N	4	2019-03-08 06:06:30.624918
350	69	\N	1	2019-03-08 06:06:51.344987
351	96	\N	1	2019-03-08 06:06:58.498916
352	115	\N	4	2019-03-08 06:07:02.826999
353	82	\N	4	2019-03-08 06:07:40.322823
354	115	\N	1	2019-03-08 06:08:03.344909
355	82	\N	1	2019-03-08 06:08:12.568947
356	119	\N	4	2019-03-08 08:19:22.154022
357	122	\N	4	2019-03-08 08:20:38.88439
358	119	\N	2	2019-03-08 08:20:56.289045
359	122	\N	1	2019-03-08 08:21:12.129024
360	102	\N	3	2019-03-08 08:22:20.223929
361	92	\N	1	2019-03-08 08:48:33.047163
362	21	\N	1	2019-03-08 08:49:56.462779
363	78	\N	3	2019-03-08 08:50:37.798143
364	83	\N	1	2019-03-08 08:51:19.198363
365	105	\N	21	2019-03-08 08:52:39.939142
366	106	\N	19	2019-03-08 08:54:28.925795
367	73	\N	1	2019-03-08 08:56:33.352213
368	24	\N	5	2019-03-08 08:56:59.448098
369	20	\N	1	2019-03-08 11:02:47.27316
370	85	\N	28	2019-03-08 11:03:26.174297
371	85	\N	1	2019-03-08 11:06:14.450863
372	117	\N	1	2019-03-08 11:06:58.494112
373	63	\N	2	2019-03-08 21:44:58.664206
374	97	\N	6	2019-03-08 21:45:17.919784
375	54	\N	19	2019-03-09 11:13:43.85623
376	107	\N	5	2019-03-09 11:35:30.941767
377	106	\N	1	2019-03-09 11:36:49.096775
378	54	\N	1	2019-03-09 11:37:58.119765
379	83	\N	4	2019-03-09 11:46:46.882689
380	1	\N	1	2019-03-09 11:47:48.419796
381	70	\N	1	2019-03-09 11:48:54.202612
382	81	\N	4	2019-03-09 11:49:27.784675
383	81	\N	1	2019-03-09 11:50:20.546554
384	73	\N	1	2019-03-09 11:50:58.319704
385	92	\N	5	2019-03-09 11:51:27.644791
386	24	\N	1	2019-03-09 17:42:29.395435
387	23	\N	1	2019-03-09 17:44:38.679571
388	117	\N	4	2019-03-09 17:45:12.973563
389	20	\N	2	2019-03-09 17:48:15.723612
390	84	\N	4	2019-03-09 17:50:01.047664
391	98	\N	11	2019-03-09 17:53:48.345838
392	20	\N	3	2019-03-09 18:01:01.322208
393	117	\N	1	2019-03-09 18:02:59.33234
394	91	\N	6	2019-03-09 18:04:09.872
395	118	\N	1	2019-03-09 18:06:32.680062
396	83	\N	16	2019-03-09 20:28:13.159569
397	75	\N	21	2019-03-09 20:34:49.882285
398	88	\N	3	2019-03-09 20:36:59.719692
399	85	\N	11	2019-03-09 20:38:44.552514
400	92	\N	1	2019-03-09 20:44:45.653115
401	88	\N	1	2019-03-09 20:47:23.419692
402	87	\N	1	2019-03-09 20:48:33.019703
403	53	\N	2	2019-03-09 20:49:55.155989
404	105	\N	24	2019-03-09 20:51:39.647632
405	85	\N	1	2019-03-09 20:54:54.119673
406	23	\N	1	2019-03-10 12:04:57.419732
407	88	\N	2	2019-03-10 12:05:45.545436
408	117	\N	2	2019-03-10 12:10:12.944265
409	85	\N	1	2019-03-10 12:12:42.493218
410	107	\N	1	2019-03-10 12:18:14.171763
411	1	\N	1	2019-03-10 12:42:51.778188
412	128	\N	11	2019-03-10 12:45:14.273911
413	78	\N	1	2019-03-10 14:13:01.125408
414	73	\N	1	2019-03-10 14:13:39.521234
415	88	\N	1	2019-03-10 14:14:09.077074
416	57	\N	2	2019-03-11 05:58:07.826921
417	98	\N	21	2019-03-11 05:59:00.880916
418	112	\N	5	2019-03-11 06:00:45.519702
419	106	\N	1	2019-03-11 06:02:00.820643
420	85	\N	2	2019-03-11 06:03:02.970565
421	79	\N	26	2019-03-11 06:03:38.876628
422	21	\N	1	2019-03-11 06:04:55.219712
423	87	\N	3	2019-03-11 06:05:24.074416
424	1	\N	1	2019-03-11 06:05:54.950469
425	107	\N	1	2019-03-11 06:06:14.062373
426	124	\N	4	2019-03-11 07:37:07.733234
427	127	\N	1	2019-03-11 07:37:35.321452
428	126	\N	4	2019-03-11 07:37:40.830227
429	124	\N	1	2019-03-11 07:37:55.750058
430	126	\N	1	2019-03-11 07:38:03.686141
431	125	\N	1	2019-03-11 07:38:11.722228
432	86	\N	1	2019-03-11 07:38:26.37715
433	19	\N	1	2019-03-11 07:39:02.939044
434	84	\N	5	2019-03-11 07:39:41.988788
435	84	\N	1	2019-03-11 07:40:54.059396
436	57	\N	1	2019-03-11 07:41:54.458169
437	70	\N	1	2019-03-11 07:42:28.658484
438	83	\N	4	2019-03-11 07:43:02.057278
439	53	\N	2	2019-03-11 07:44:07.344173
440	23	\N	1	2019-03-11 07:45:28.17523
441	91	\N	4	2019-03-11 07:46:12.125526
442	123	\N	4	2019-03-11 08:25:04.7212
443	4	\N	2	2019-03-11 08:25:30.851364
444	6	\N	1	2019-03-11 08:25:50.954175
445	95	\N	1	2019-03-11 08:25:59.746449
446	69	\N	1	2019-03-11 08:26:05.882103
447	116	\N	4	2019-03-11 08:26:13.69017
448	103	\N	4	2019-03-11 08:26:26.929154
449	103	\N	1	2019-03-11 08:26:49.819999
450	80	\N	1	2019-03-11 08:26:56.222112
451	116	\N	1	2019-03-11 08:27:04.170184
452	104	\N	1	2019-03-11 08:27:36.48817
453	82	\N	4	2019-03-11 08:27:51.355231
454	115	\N	4	2019-03-11 08:28:34.022442
455	82	\N	1	2019-03-11 08:28:49.02221
456	76	\N	1	2019-03-11 08:28:54.392275
457	4	\N	1	2019-03-11 08:29:02.369685
458	123	\N	4	2019-03-11 08:29:09.070183
459	123	\N	2	2019-03-11 08:29:25.336478
460	123	\N	2	2019-03-11 08:29:39.855244
461	123	\N	1	2019-03-11 08:29:49.159649
462	71	\N	1	2019-03-11 08:29:52.991278
463	115	\N	4	2019-03-11 08:30:00.446907
464	36	\N	4	2019-03-11 12:40:07.854084
465	36	\N	1	2019-03-11 12:41:15.535388
466	37	\N	1	2019-03-11 12:41:26.222713
467	31	\N	1	2019-03-11 12:41:37.949114
468	38	\N	1	2019-03-11 12:41:45.333726
469	34	\N	1	2019-03-11 12:42:22.277884
470	39	\N	4	2019-03-11 12:43:22.268428
471	28	\N	2	2019-03-11 12:43:42.125361
472	28	\N	1	2019-03-11 12:43:58.035103
473	26	\N	4	2019-03-11 12:44:01.988324
474	105	\N	4	2019-03-11 19:00:54.239035
475	54	\N	13	2019-03-11 19:02:04.619699
476	134	\N	14	2019-03-11 19:07:36.344258
477	92	\N	4	2019-03-11 19:09:05.486726
478	91	\N	4	2019-03-11 19:10:06.449049
479	22	\N	1	2019-03-11 19:10:57.185162
480	130	\N	4	2019-03-11 19:11:44.077247
481	97	\N	15	2019-03-11 19:12:25.4815
482	131	\N	5	2019-03-11 19:13:46.24578
483	112	\N	1	2019-03-11 19:14:54.782019
484	87	\N	3	2019-03-12 05:56:15.264181
485	132	\N	2	2019-03-12 05:56:54.982307
486	46	\N	4	2019-03-12 05:57:35.246122
487	73	\N	1	2019-03-12 05:58:17.996076
488	53	\N	5	2019-03-12 05:58:46.576039
489	55	\N	1	2019-03-12 05:59:41.877942
490	22	\N	1	2019-03-12 06:00:12.50989
491	86	\N	1	2019-03-12 06:00:29.673878
492	83	\N	4	2019-03-12 06:00:59.2197
493	21	\N	1	2019-03-12 06:01:42.887835
494	88	\N	1	2019-03-12 09:48:16.320988
495	132	\N	1	2019-03-12 09:48:51.862313
496	97	\N	7	2019-03-12 09:49:26.565959
497	91	\N	2	2019-03-12 09:52:05.719939
498	97	\N	1	2019-03-12 09:52:44.482846
499	87	\N	1	2019-03-12 09:53:28.984654
500	1	\N	2	2019-03-12 09:54:01.081631
501	131	\N	5	2019-03-12 09:54:26.923733
502	107	\N	4	2019-03-12 09:55:31.475446
503	85	\N	1	2019-03-12 09:58:05.27426
504	76	\N	1	2019-03-14 05:55:36.724094
505	69	\N	1	2019-03-14 05:55:53.029363
506	82	\N	4	2019-03-14 05:55:59.424838
507	123	\N	4	2019-03-14 05:56:19.765039
508	4	\N	1	2019-03-14 05:56:30.581936
509	103	\N	1	2019-03-14 05:56:34.29067
510	96	\N	1	2019-03-14 05:56:43.34003
511	82	\N	1	2019-03-14 05:56:56.625381
512	104	\N	1	2019-03-14 05:57:07.328026
513	6	\N	1	2019-03-14 05:57:15.026828
514	115	\N	4	2019-03-14 05:57:29.127035
515	95	\N	1	2019-03-14 05:57:50.199886
516	116	\N	4	2019-03-14 05:57:55.724906
517	80	\N	1	2019-03-14 05:58:09.057964
518	71	\N	1	2019-03-14 05:58:16.558461
519	123	\N	4	2019-03-14 05:58:25.02627
520	115	\N	1	2019-03-14 05:58:44.87505
521	123	\N	1	2019-03-14 05:58:57.752467
522	116	\N	2	2019-03-14 05:59:03.07876
523	116	\N	1	2019-03-14 05:59:29.777053
524	22	\N	12	2019-03-14 08:08:23.233091
525	97	\N	2	2019-03-14 08:09:54.344697
526	112	\N	1	2019-03-14 08:11:14.049261
527	117	\N	5	2019-03-14 08:12:04.150162
528	91	\N	6	2019-03-14 08:13:21.229536
529	23	\N	2	2019-03-14 08:14:45.628056
530	57	\N	1	2019-03-14 08:15:17.947039
531	106	\N	1	2019-03-14 08:15:54.074073
532	19	\N	1	2019-03-14 08:16:48.001693
533	83	\N	4	2019-03-14 08:17:30.738284
534	54	\N	12	2019-03-14 12:49:00.681974
535	23	\N	1	2019-03-14 12:50:25.378272
536	75	\N	22	2019-03-14 12:50:46.202225
537	86	\N	2	2019-03-14 12:53:08.152058
538	20	\N	1	2019-03-14 12:54:04.630062
539	87	\N	1	2019-03-14 12:54:46.141085
540	84	\N	3	2019-03-14 12:55:19.957227
541	53	\N	1	2019-03-14 12:56:52.822827
542	83	\N	4	2019-03-14 12:57:39.082194
543	79	\N	13	2019-03-14 12:58:56.42809
544	85	\N	2	2019-03-14 18:51:02.925277
545	79	\N	2	2019-03-14 18:51:52.699256
546	102	\N	7	2019-03-14 18:52:44.451437
547	21	\N	1	2019-03-14 18:54:04.485129
548	86	\N	1	2019-03-14 18:54:35.727449
549	54	\N	12	2019-03-14 18:55:05.897183
550	46	\N	2	2019-03-14 18:56:17.449148
551	131	\N	4	2019-03-14 18:57:23.622446
552	102	\N	6	2019-03-14 18:58:08.822449
553	1	\N	1	2019-03-14 18:59:24.378878
554	134	\N	14	2019-04-09 05:20:03.008796
555	134	\N	1	2019-04-09 05:21:45.363169
556	1	\N	1	2019-04-09 05:23:11.856969
557	131	\N	5	2019-04-09 05:23:40.63864
558	131	\N	1	2019-04-09 05:24:47.929749
559	78	\N	1	2019-04-09 05:25:28.357563
560	21	\N	1	2019-04-09 05:26:08.161116
561	75	\N	15	2019-04-09 05:26:41.122569
562	79	\N	11	2019-04-09 05:28:18.532394
563	92	\N	4	2019-04-10 05:21:54.508142
564	106	\N	24	2019-04-10 05:22:53.101987
565	147	\N	5	2019-04-10 05:24:47.347204
566	132	\N	4	2019-04-10 05:25:45.52334
567	130	\N	4	2019-04-10 05:26:29.386173
568	20	\N	2	2019-04-10 05:27:27.227008
569	96	\N	4	2019-04-11 05:06:18.239039
570	71	\N	4	2019-04-11 05:06:57.189077
571	115	\N	4	2019-04-11 05:07:19.307074
572	80	\N	1	2019-04-11 05:07:35.255087
573	103	\N	4	2019-04-11 05:07:42.121114
574	104	\N	4	2019-04-11 05:07:57.50324
575	115	\N	1	2019-04-11 05:08:11.375076
576	150	\N	4	2019-04-11 05:08:16.922465
577	146	\N	4	2019-04-11 05:08:30.721083
578	82	\N	4	2019-04-11 05:08:47.422528
579	73	\N	1	2019-05-08 05:20:05.300139
580	148	\N	1	2019-05-08 05:20:43.224127
581	112	\N	4	2019-05-08 05:21:38.9465
582	21	\N	1	2019-05-08 05:23:52.014277
583	19	\N	1	2019-05-08 05:24:33.230225
584	24	\N	1	2019-05-08 05:25:15.694234
585	84	\N	1	2019-05-08 05:25:47.830252
586	132	\N	2	2019-05-20 20:54:28.210963
587	79	\N	1	2019-05-20 20:55:25.901994
588	53	\N	1	2019-05-20 20:55:56.211719
589	55	\N	4	2019-05-20 20:56:24.626168
590	85	\N	21	2019-05-20 20:57:27.517847
591	75	\N	21	2019-05-20 20:59:22.881497
592	84	\N	4	2019-05-20 21:01:00.249405
593	84	\N	1	2019-05-20 21:02:17.577259
594	112	\N	1	2019-05-20 21:03:14.879481
595	73	\N	1	2019-05-20 21:03:49.196885
596	57	\N	4	2019-05-22 05:18:53.209945
597	91	\N	4	2019-05-22 05:19:54.452266
598	1	\N	1	2019-05-22 05:20:52.568612
599	112	\N	1	2019-05-22 05:21:15.994088
600	20	\N	1	2019-05-22 05:25:22.923241
601	147	\N	7	2019-05-22 20:13:09.427908
602	134	\N	11	2019-05-22 20:14:29.912228
603	54	\N	25	2019-05-22 20:15:31.056807
604	118	\N	2	2019-05-22 20:17:06.999921
605	54	\N	1	2019-05-22 20:18:01.935362
606	19	\N	2	2019-05-22 20:18:33.200186
607	128	\N	11	2019-05-22 20:18:59.014323
608	92	\N	2	2019-05-22 20:20:22.011396
609	46	\N	1	2019-05-22 20:21:12.016527
610	97	\N	12	2019-05-22 20:21:51.071007
611	19	\N	1	2019-05-23 20:19:32.44893
612	53	\N	1	2019-05-23 20:20:10.556392
613	128	\N	4	2019-05-23 20:20:41.907708
614	20	\N	1	2019-05-23 20:21:53.285993
615	55	\N	2	2019-05-23 20:22:35.698615
616	134	\N	1	2019-05-23 20:23:38.899044
617	147	\N	1	2019-05-23 20:24:23.649068
618	55	\N	1	2019-05-23 20:25:01.020009
619	117	\N	4	2019-05-23 20:25:38.794225
620	91	\N	2	2019-05-23 20:26:46.294575
621	86	\N	1	2019-05-24 05:18:01.109244
622	102	\N	15	2019-05-24 05:18:35.52018
623	70	\N	1	2019-05-24 05:19:59.801194
624	148	\N	4	2019-05-24 05:20:30.037147
625	87	\N	2	2019-05-24 05:21:21.704272
626	75	\N	22	2019-05-24 05:21:56.303924
627	118	\N	4	2019-05-24 05:23:51.445365
628	87	\N	1	2019-05-24 05:24:54.929053
629	85	\N	11	2019-05-24 05:25:20.800292
630	1	\N	1	2019-05-24 05:26:15.330923
631	118	\N	1	2019-05-29 05:16:45.500267
632	128	\N	2	2019-05-29 05:17:30.502284
633	83	\N	4	2019-05-29 05:18:09.274106
634	112	\N	1	2019-05-29 05:19:10.664502
635	130	\N	4	2019-05-29 05:19:54.524199
636	78	\N	1	2019-05-29 05:20:37.304858
637	21	\N	1	2019-05-29 05:21:09.96815
638	131	\N	4	2019-05-29 05:21:45.828999
639	131	\N	1	2019-05-29 05:22:30.610421
640	91	\N	2	2019-05-29 05:23:07.153992
641	105	\N	2	2019-06-03 05:22:15.371267
642	118	\N	1	2019-06-03 05:23:09.517225
643	147	\N	2	2019-06-03 05:23:46.410873
644	92	\N	3	2019-06-03 05:24:24.545066
645	55	\N	18	2019-06-03 05:25:10.430158
646	20	\N	1	2019-06-04 05:19:50.661181
647	87	\N	1	2019-06-04 05:20:31.974744
648	86	\N	1	2019-06-04 05:20:57.949192
649	81	\N	1	2019-06-04 05:21:35.170806
650	53	\N	1	2019-06-04 05:22:03.649247
651	105	\N	5	2019-06-04 05:22:28.234354
652	88	\N	1	2019-06-04 05:23:31.364835
653	131	\N	4	2019-06-04 05:24:14.702852
654	131	\N	1	2019-06-04 05:25:02.946219
655	107	\N	7	2019-06-04 05:25:31.504027
656	91	\N	1	2019-06-04 19:11:20.326237
657	107	\N	1	2019-06-04 19:12:35.173876
658	46	\N	1	2019-06-04 19:15:08.106468
659	112	\N	1	2019-06-04 19:16:04.819588
660	92	\N	4	2019-06-12 20:05:10.226212
661	107	\N	4	2019-06-12 20:06:09.961818
662	148	\N	4	2019-06-12 20:06:56.301983
663	98	\N	21	2019-06-12 20:07:40.471116
664	91	\N	2	2019-06-12 20:11:22.466773
665	134	\N	11	2019-06-12 20:12:00.00996
666	1	\N	1	2019-06-13 05:18:21.833203
667	75	\N	7	2019-06-13 05:18:44.604782
668	75	\N	1	2019-06-13 05:20:21.327489
669	130	\N	14	2019-06-13 05:21:15.723278
670	79	\N	1	2019-06-13 05:22:22.628594
671	20	\N	1	2019-06-13 05:23:45.326381
672	81	\N	1	2019-06-13 05:24:44.561322
673	83	\N	4	2019-06-13 05:25:14.805164
674	85	\N	1	2019-06-13 05:26:09.4433
675	57	\N	1	2019-06-13 20:15:21.038303
676	132	\N	11	2019-06-13 20:20:11.912222
677	92	\N	1	2019-06-13 20:21:11.032241
678	105	\N	2	2019-06-13 20:21:52.77531
679	105	\N	1	2019-06-13 20:22:28.811196
680	131	\N	5	2019-06-13 20:23:12.122212
681	86	\N	1	2019-06-13 20:24:10.839766
682	98	\N	5	2019-06-13 20:24:42.720067
683	128	\N	11	2019-06-13 20:27:03.37863
684	107	\N	1	2019-06-13 20:27:49.801667
685	84	\N	15	2019-06-13 20:29:03.28315
686	134	\N	7	2019-06-14 05:15:18.912194
687	87	\N	2	2019-06-14 05:16:17.608756
688	21	\N	1	2019-06-14 05:16:51.170668
689	20	\N	1	2019-06-14 05:17:20.343407
690	118	\N	7	2019-06-14 05:17:54.966874
691	24	\N	1	2019-06-14 05:19:16.140693
692	83	\N	6	2019-06-14 05:20:12.087185
693	1	\N	1	2019-06-14 05:21:24.275159
694	57	\N	1	2019-06-14 05:21:48.202148
695	118	\N	1	2019-06-14 05:22:37.059103
696	92	\N	1	2019-06-15 11:42:39.744264
697	24	\N	1	2019-06-15 11:43:28.548412
698	132	\N	1	2019-06-15 11:43:54.531439
699	55	\N	1	2019-06-15 11:44:24.802788
700	1	\N	1	2019-06-15 11:45:21.5559
701	86	\N	1	2019-06-15 11:45:49.111295
702	147	\N	2	2019-06-15 11:46:25.323981
703	91	\N	1	2019-06-15 11:48:08.60483
704	73	\N	2	2019-06-15 11:53:59.536278
705	22	\N	1	2019-06-15 11:54:43.609152
706	118	\N	5	2019-06-16 20:42:31.705222
707	147	\N	2	2019-06-16 20:43:53.730837
708	79	\N	4	2019-06-16 20:44:29.402175
709	98	\N	22	2019-06-16 20:45:04.027657
710	130	\N	4	2019-06-16 21:03:43.914095
711	54	\N	12	2019-06-16 21:05:18.610623
712	85	\N	2	2019-06-16 21:06:38.211422
713	54	\N	1	2019-06-16 21:07:36.860097
714	106	\N	5	2019-06-16 21:08:17.463783
715	87	\N	2	2019-06-16 21:10:46.670066
716	70	\N	1	2019-06-24 19:09:49.426267
717	83	\N	4	2019-06-24 19:16:18.615575
718	23	\N	1	2019-06-24 19:17:26.70873
719	83	\N	2	2019-06-24 19:17:56.544656
720	83	\N	1	2019-06-24 19:20:00.313241
721	54	\N	5	2019-06-24 19:20:45.533232
722	112	\N	1	2019-06-24 19:21:59.80037
723	131	\N	4	2019-06-24 19:22:33.66588
724	46	\N	1	2019-06-24 19:23:25.535435
725	117	\N	4	2019-06-24 19:24:08.100506
726	131	\N	5	2019-06-24 19:27:19.061271
727	75	\N	11	2019-06-24 19:28:41.969264
728	128	\N	1	2019-06-24 19:30:37.100172
729	88	\N	2	2019-06-24 19:33:01.33509
730	87	\N	1	2019-06-24 19:34:00.601777
731	22	\N	1	2019-06-24 19:35:47.807
732	85	\N	11	2019-06-24 19:36:22.109638
733	54	\N	1	2019-06-24 19:37:26.5134
734	147	\N	3	2019-06-24 19:38:10.731625
735	81	\N	1	2019-06-24 19:40:00.350465
736	128	\N	11	2019-06-26 05:00:06.744174
737	128	\N	1	2019-06-26 05:01:17.22408
738	112	\N	1	2019-06-26 05:01:44.682151
739	148	\N	4	2019-06-26 05:02:27.002265
740	70	\N	1	2019-06-26 05:03:27.222358
741	81	\N	1	2019-06-26 05:03:52.170988
742	147	\N	12	2019-06-26 05:04:24.937275
743	55	\N	1	2019-06-26 05:05:28.431084
744	148	\N	1	2019-06-26 05:05:57.912017
745	19	\N	1	2019-06-26 05:06:38.459381
746	130	\N	4	2019-06-26 05:09:24.361264
747	75	\N	4	2019-06-26 05:10:14.221408
748	79	\N	2	2019-06-26 05:11:38.506469
749	88	\N	1	2019-06-26 05:13:10.512305
750	23	\N	1	2019-06-26 05:13:43.401898
751	83	\N	2	2019-06-26 05:14:23.902201
752	54	\N	2	2019-06-26 05:15:30.777072
753	46	\N	1	2019-06-26 05:16:03.257129
754	75	\N	1	2019-06-26 05:16:38.099317
755	22	\N	2	2019-06-26 05:18:02.352297
756	20	\N	1	2019-09-25 20:16:16.610138
757	118	\N	4	2019-09-25 20:17:27.091292
758	84	\N	3	2019-09-25 20:18:38.77558
759	85	\N	15	2019-09-25 20:20:07.344666
760	102	\N	16	2019-09-25 20:21:29.113258
761	130	\N	4	2019-09-25 20:23:03.808824
762	54	\N	14	2019-09-25 20:23:36.236929
763	53	\N	1	2019-09-25 20:24:39.394363
764	86	\N	1	2019-09-25 20:25:08.455667
765	55	\N	2	2019-09-25 20:25:41.999651
766	130	\N	3	2019-09-26 05:14:20.208194
767	106	\N	4	2019-09-26 05:15:28.946392
768	86	\N	1	2019-09-26 05:16:49.263056
769	55	\N	3	2019-09-26 05:19:11.797457
770	81	\N	1	2019-09-26 05:20:24.241115
771	148	\N	4	2019-09-26 05:20:53.21119
772	55	\N	1	2019-09-26 18:12:58.442238
773	85	\N	1	2019-09-26 18:13:27.654356
774	118	\N	1	2019-09-26 18:14:19.740138
775	148	\N	1	2019-09-26 18:15:00.749597
776	72	\N	4	2019-09-26 19:52:44.869212
777	132	\N	2	2019-09-26 19:53:37.28521
778	102	\N	5	2019-09-26 19:54:23.501244
779	98	\N	14	2019-09-26 19:55:26.261166
780	22	\N	1	2019-09-26 19:57:12.036922
781	87	\N	2	2019-09-26 20:00:56.649749
782	88	\N	4	2019-09-26 20:02:03.377997
783	23	\N	1	2019-09-26 20:03:30.395681
784	98	\N	11	2019-09-26 20:04:01.757303
785	147	\N	4	2019-09-26 20:06:21.440111
786	83	\N	5	2019-09-26 20:06:57.765099
787	23	\N	1	2019-09-28 09:57:18.201341
788	54	\N	2	2019-09-28 09:57:44.29671
789	86	\N	1	2019-09-28 09:59:08.342312
790	147	\N	4	2019-09-28 09:59:33.979207
791	88	\N	1	2019-09-28 10:00:21.457905
792	148	\N	1	2019-09-28 10:01:20.885742
793	83	\N	2	2019-09-28 10:02:06.905457
794	55	\N	1	2019-09-28 10:03:04.042686
795	97	\N	2	2019-09-28 10:03:45.556465
796	57	\N	4	2019-09-28 10:05:07.213002
797	87	\N	1	2019-09-28 10:11:03.938345
798	117	\N	5	2019-09-28 10:11:41.040753
799	19	\N	2	2019-09-28 10:12:43.151858
800	117	\N	4	2019-09-28 10:13:05.893708
801	79	\N	4	2019-09-28 10:14:37.580482
802	79	\N	1	2019-09-28 10:15:45.415684
803	19	\N	1	2019-09-28 10:16:24.860676
804	85	\N	1	2019-09-28 10:17:01.323569
805	92	\N	3	2019-09-28 10:17:38.171541
806	92	\N	1	2019-09-28 10:18:26.393626
807	98	\N	1	2019-09-28 20:56:56.884347
808	106	\N	1	2019-09-28 20:58:09.136971
809	84	\N	11	2019-09-28 20:59:17.791849
810	128	\N	1	2019-09-28 21:00:30.190868
811	97	\N	15	2019-09-28 21:00:58.780564
812	21	\N	1	2019-09-28 21:03:25.150464
813	91	\N	4	2019-09-28 21:03:48.742248
814	131	\N	7	2019-09-28 21:04:30.155063
815	131	\N	1	2019-09-28 21:05:29.838544
816	22	\N	1	2019-09-28 21:08:15.498345
817	88	\N	1	2019-09-29 13:52:35.779323
818	106	\N	1	2019-09-29 13:53:06.97194
819	92	\N	1	2019-09-29 13:53:46.936905
820	91	\N	1	2019-09-29 13:54:21.713194
821	81	\N	1	2019-09-29 13:54:50.185455
822	24	\N	1	2019-09-29 13:55:16.449313
823	20	\N	1	2019-09-29 13:55:42.886624
824	130	\N	1	2019-09-29 13:56:12.315812
825	23	\N	1	2019-09-29 13:56:49.097643
826	70	\N	1	2019-09-29 13:57:07.638307
827	75	\N	13	2019-09-29 17:32:46.956306
828	102	\N	4	2019-09-29 17:34:08.487104
829	131	\N	4	2019-09-29 17:34:54.70261
830	78	\N	1	2019-09-29 17:35:40.755352
831	55	\N	1	2019-09-29 17:36:06.210252
832	98	\N	1	2019-09-29 17:36:46.081209
833	117	\N	4	2019-09-29 17:37:41.748341
834	87	\N	1	2019-09-29 17:39:28.583182
835	102	\N	1	2019-09-29 17:39:49.859266
836	107	\N	5	2019-09-29 17:40:23.500116
837	75	\N	1	2019-09-29 20:29:17.437255
838	22	\N	1	2019-09-29 20:30:21.859976
839	1	\N	1	2019-09-29 20:31:10.348656
840	73	\N	1	2019-09-29 20:31:31.895459
841	132	\N	2	2019-09-29 20:31:55.207453
842	84	\N	5	2019-09-29 20:32:27.211752
843	147	\N	4	2019-09-29 20:33:36.736907
844	46	\N	1	2019-09-29 20:34:17.53691
845	19	\N	1	2019-09-29 20:35:03.313043
846	86	\N	1	2019-09-29 20:37:04.896802
847	46	\N	1	2019-09-30 08:45:09.813274
848	20	\N	1	2019-09-30 08:45:47.745131
849	84	\N	1	2019-09-30 08:46:37.239823
850	102	\N	2	2019-09-30 08:47:39.640028
851	86	\N	1	2019-09-30 08:48:35.245885
852	21	\N	1	2019-09-30 08:49:07.895442
853	79	\N	1	2019-09-30 08:49:36.593127
854	130	\N	1	2019-09-30 08:50:04.193329
855	83	\N	1	2019-09-30 08:50:34.564841
856	112	\N	1	2019-09-30 08:51:54.28406
857	23	\N	1	2019-09-30 20:41:04.94279
858	106	\N	1	2019-09-30 20:41:34.771147
859	85	\N	1	2019-09-30 20:43:27.104548
860	132	\N	2	2019-09-30 20:44:57.498538
861	19	\N	1	2019-09-30 20:52:06.949892
862	81	\N	1	2019-09-30 20:53:25.153279
863	132	\N	1	2019-09-30 20:55:43.295372
864	88	\N	1	2019-09-30 20:58:32.746452
865	55	\N	1	2019-09-30 20:59:33.979449
866	98	\N	1	2019-09-30 21:00:26.877726
867	91	\N	1	2019-10-01 05:19:49.011328
868	1	\N	1	2019-10-01 05:20:18.983412
869	24	\N	2	2019-10-01 05:20:47.043986
870	81	\N	1	2019-10-01 05:21:19.743257
871	102	\N	1	2019-10-01 05:22:16.851093
872	53	\N	2	2019-10-01 05:22:44.839612
873	87	\N	1	2019-10-01 05:23:18.214448
874	70	\N	1	2019-10-01 05:24:20.043568
875	54	\N	2	2019-10-01 05:24:49.671337
876	54	\N	1	2019-10-01 05:25:50.841164
877	147	\N	3	2019-10-01 21:12:13.541223
878	132	\N	1	2019-10-01 21:13:01.678084
879	92	\N	1	2019-10-01 21:14:50.164321
880	128	\N	2	2019-10-01 21:15:21.457004
881	53	\N	1	2019-10-01 21:17:06.784492
882	22	\N	2	2019-10-01 21:17:29.641904
883	24	\N	1	2019-10-01 21:18:17.516785
884	98	\N	2	2019-10-01 21:18:47.539584
885	147	\N	1	2019-10-01 21:20:31.183305
886	86	\N	1	2019-10-01 21:20:57.947696
887	24	\N	1	2019-10-02 05:18:31.897286
888	102	\N	1	2019-10-02 05:19:00.440796
889	117	\N	4	2019-10-02 05:19:28.414382
890	107	\N	1	2019-10-02 05:20:16.78002
891	148	\N	2	2019-10-02 05:21:01.074283
892	87	\N	1	2019-10-02 05:21:48.545406
893	147	\N	2	2019-10-02 05:22:19.452279
894	55	\N	3	2019-10-02 05:23:03.300432
895	55	\N	1	2019-10-02 05:23:45.410268
896	148	\N	1	2019-10-02 05:24:28.494471
897	85	\N	11	2019-10-03 05:18:51.016245
898	97	\N	2	2019-10-03 05:20:01.738427
899	92	\N	2	2019-10-03 05:20:49.302819
900	57	\N	1	2019-10-03 05:21:26.508608
901	86	\N	1	2019-10-03 05:21:53.417095
902	20	\N	2	2019-10-03 05:22:17.989117
903	83	\N	2	2019-10-03 05:22:59.645967
904	102	\N	1	2019-10-03 05:23:45.507299
905	88	\N	1	2019-10-03 05:24:13.414514
906	73	\N	1	2019-10-03 05:24:40.799289
907	84	\N	1	2019-10-03 21:08:47.492288
908	78	\N	1	2019-10-03 21:09:42.808425
909	98	\N	1	2019-10-03 21:10:08.909333
910	105	\N	15	2019-10-03 21:11:12.051018
911	85	\N	2	2019-10-03 21:13:07.779434
912	105	\N	1	2019-10-03 21:14:55.563299
913	128	\N	2	2019-10-03 21:15:31.854791
914	54	\N	7	2019-10-03 21:16:04.394665
915	55	\N	2	2019-10-03 21:16:58.636933
916	91	\N	1	2019-10-03 21:17:35.252396
917	131	\N	4	2019-10-04 05:25:05.661336
918	132	\N	1	2019-10-04 05:25:51.447903
919	22	\N	1	2019-10-04 05:26:24.66329
920	106	\N	1	2019-10-04 05:26:47.380801
921	1	\N	1	2019-10-04 05:27:34.092308
922	92	\N	1	2019-10-04 05:28:40.142278
923	131	\N	1	2019-10-04 05:29:07.980372
924	21	\N	3	2019-10-04 05:29:44.298702
925	46	\N	3	2019-10-04 05:30:25.842286
926	134	\N	12	2019-10-04 05:31:05.139528
927	85	\N	4	2019-10-06 11:07:45.262286
928	130	\N	1	2019-10-06 11:08:42.048636
929	131	\N	1	2019-10-06 11:09:17.643785
930	132	\N	1	2019-10-06 11:10:16.674788
931	105	\N	1	2019-10-06 11:10:40.314984
932	91	\N	1	2019-10-06 11:11:17.442853
933	81	\N	1	2019-10-06 11:12:18.312955
934	79	\N	4	2019-10-06 11:12:41.276804
935	1	\N	1	2019-10-06 11:13:24.341016
936	107	\N	4	2019-10-06 11:13:39.706719
937	73	\N	1	2019-10-06 11:15:34.87829
938	21	\N	1	2019-10-06 11:16:04.538216
939	87	\N	1	2019-10-06 11:17:53.541894
940	85	\N	2	2019-10-06 11:18:14.848854
941	97	\N	9	2019-10-06 11:19:11.014797
942	107	\N	1	2019-10-06 11:20:17.154606
943	78	\N	1	2019-10-06 11:20:58.842838
944	128	\N	2	2019-10-06 11:21:41.468765
945	102	\N	1	2019-10-06 11:22:37.691011
946	118	\N	2	2019-10-06 11:23:02.074744
947	88	\N	1	2019-10-06 11:33:52.938296
948	79	\N	1	2019-10-06 11:34:17.837516
949	84	\N	2	2019-10-06 11:34:42.839999
950	112	\N	1	2019-10-06 11:35:56.808786
951	19	\N	1	2019-10-06 11:36:29.138812
952	20	\N	1	2019-10-06 11:36:49.742847
953	24	\N	2	2019-10-06 11:37:34.606832
954	117	\N	6	2019-10-06 11:38:25.547171
955	85	\N	4	2019-10-06 11:39:25.486714
956	22	\N	1	2019-10-06 11:40:04.482742
957	118	\N	1	2019-10-06 11:41:59.480336
958	54	\N	1	2019-10-06 11:42:30.615575
959	147	\N	2	2019-10-06 11:43:05.037442
960	75	\N	21	2019-10-06 11:43:36.30086
961	75	\N	1	2019-10-06 11:45:01.302856
962	98	\N	2	2019-10-06 11:45:50.748642
963	24	\N	1	2019-10-06 11:47:50.490839
964	92	\N	11	2019-10-06 11:48:21.074681
965	53	\N	1	2019-10-06 11:49:35.450734
966	106	\N	1	2019-10-06 11:49:56.45079
967	55	\N	1	2019-10-06 11:51:21.438341
968	134	\N	5	2019-10-06 11:51:55.568334
969	86	\N	1	2019-10-06 11:52:39.346928
970	97	\N	2	2019-10-06 11:53:11.242825
971	134	\N	1	2019-10-06 11:53:56.956867
972	70	\N	1	2019-10-06 11:54:33.264901
973	98	\N	1	2019-10-06 11:55:12.101028
974	92	\N	1	2019-10-06 11:57:04.200873
975	46	\N	1	2019-10-06 11:57:40.048763
976	97	\N	1	2019-10-06 11:58:08.966664
977	24	\N	1	2019-10-08 21:05:27.296256
978	148	\N	2	2019-10-08 21:07:10.987095
979	148	\N	1	2019-10-08 21:08:00.006665
980	23	\N	1	2019-10-08 21:08:30.876822
981	106	\N	1	2019-10-08 21:08:57.182901
982	19	\N	1	2019-10-08 21:09:36.594605
983	86	\N	1	2019-10-08 21:10:12.002846
984	112	\N	1	2019-10-08 21:10:36.906792
985	70	\N	1	2019-10-08 21:12:04.474801
986	75	\N	5	2019-10-08 21:12:48.080741
987	55	\N	1	2019-10-14 19:58:19.662134
988	54	\N	1	2019-10-14 19:59:19.248501
989	81	\N	1	2019-10-14 19:59:41.770644
990	134	\N	1	2019-10-14 20:00:20.239774
991	84	\N	1	2019-10-14 20:00:51.241633
992	131	\N	1	2019-10-14 20:02:10.303816
993	22	\N	1	2019-10-14 20:02:46.207443
994	24	\N	1	2019-10-14 20:03:03.697407
995	91	\N	2	2019-10-14 20:04:04.911573
996	102	\N	1	2019-10-14 20:04:38.200666
997	20	\N	1	2019-10-14 20:06:48.011121
998	112	\N	1	2019-10-14 20:07:20.438295
999	87	\N	1	2019-10-14 20:08:09.094131
1000	78	\N	1	2019-10-14 20:10:37.43774
1001	118	\N	1	2019-10-14 20:11:24.342821
1002	70	\N	1	2019-10-14 20:11:56.958627
1003	128	\N	2	2019-10-14 20:12:21.097448
1004	97	\N	5	2019-10-14 20:13:05.460731
1005	130	\N	4	2019-10-14 20:14:11.159661
1006	86	\N	1	2019-10-14 20:15:19.137745
1007	98	\N	1	2019-10-16 05:20:51.78608
1008	21	\N	1	2019-10-16 05:21:46.897204
1009	79	\N	1	2019-10-16 05:22:14.498855
1010	102	\N	1	2019-10-16 05:22:50.770881
1011	24	\N	1	2019-10-16 05:23:14.644715
1012	106	\N	1	2019-10-16 05:23:43.662818
1013	73	\N	1	2019-10-16 05:24:19.337471
1014	70	\N	1	2019-10-16 05:24:43.788725
1015	86	\N	1	2019-10-16 05:25:09.144742
1016	105	\N	1	2019-10-16 05:25:35.963112
1017	78	\N	1	2019-10-16 17:50:21.457334
1018	53	\N	2	2019-10-16 17:50:51.005705
1019	128	\N	2	2019-10-16 17:51:36.807278
1020	118	\N	1	2019-10-16 17:52:12.940964
1021	55	\N	1	2019-10-16 17:54:29.505841
1022	85	\N	4	2019-10-16 17:57:08.46605
1023	88	\N	3	2019-10-16 17:57:55.47085
1024	147	\N	2	2019-10-16 17:58:35.738705
1025	92	\N	1	2019-10-16 17:59:02.858787
1026	57	\N	1	2019-10-16 17:59:30.889688
1027	81	\N	2	2019-10-17 20:02:57.47933
1028	112	\N	1	2019-10-17 20:03:26.082364
1029	46	\N	1	2019-10-17 20:04:32.274585
1030	87	\N	1	2019-10-17 20:05:02.764756
1031	21	\N	1	2019-10-17 20:06:01.106808
1032	132	\N	1	2019-10-17 20:06:30.809798
1033	86	\N	1	2019-10-17 20:06:59.051586
1034	83	\N	1	2019-10-17 20:07:22.867752
1035	24	\N	1	2019-10-17 20:07:56.490786
1036	20	\N	1	2019-10-17 20:10:51.449893
1037	86	\N	1	2019-10-20 19:48:33.793109
1038	112	\N	1	2019-10-20 19:49:02.185278
1039	131	\N	2	2019-10-20 19:49:26.381485
1040	73	\N	1	2019-10-20 19:50:04.107886
1041	84	\N	1	2019-10-20 19:50:28.30057
1042	97	\N	1	2019-10-20 19:50:58.080491
1043	130	\N	4	2019-10-20 19:51:42.998743
1044	57	\N	1	2019-10-20 19:52:25.148604
1045	75	\N	4	2019-10-20 19:52:53.494605
1046	85	\N	1	2019-10-20 19:54:13.637531
1047	117	\N	4	2019-10-20 19:54:52.641182
1048	106	\N	2	2019-10-20 19:55:35.764114
1049	117	\N	1	2019-10-20 19:57:08.901673
1050	81	\N	1	2019-10-20 19:57:42.959677
1051	102	\N	2	2019-10-20 19:58:06.643541
1052	55	\N	1	2019-10-20 19:58:41.837695
1053	22	\N	1	2019-10-20 19:59:10.746591
1054	79	\N	3	2019-10-20 19:59:25.038645
1055	102	\N	1	2019-10-20 20:00:05.554705
1056	20	\N	2	2019-10-20 20:00:32.49659
1057	128	\N	1	2019-10-20 20:01:57.703143
1058	105	\N	1	2019-10-20 20:02:35.866189
1059	78	\N	1	2019-10-20 20:03:05.704466
1060	92	\N	2	2019-10-20 20:03:35.190715
1061	134	\N	12	2019-10-20 20:04:20.276814
1062	1	\N	1	2019-10-20 20:05:37.479741
1063	132	\N	1	2019-10-20 20:06:06.671649
1064	24	\N	1	2019-10-20 20:06:32.845595
1065	54	\N	1	2019-10-20 20:07:07.367583
1066	70	\N	1	2019-10-20 20:07:32.27559
1067	148	\N	4	2019-10-20 20:09:42.388187
1068	19	\N	1	2019-10-20 20:11:33.755392
1069	88	\N	1	2019-10-20 20:13:57.096763
1070	107	\N	4	2019-10-20 20:14:14.802632
1071	21	\N	1	2019-10-20 20:15:16.381484
1072	20	\N	1	2019-10-20 20:15:51.094686
1073	79	\N	1	2019-10-20 20:16:53.34655
1074	147	\N	2	2019-10-20 20:17:28.374568
1075	118	\N	1	2019-10-20 20:17:55.641457
1076	75	\N	1	2019-10-20 20:18:33.45342
1077	130	\N	1	2019-10-20 20:19:39.847214
1078	147	\N	1	2019-10-20 20:20:10.491145
1079	87	\N	1	2019-10-20 20:20:39.237709
1080	131	\N	1	2019-10-20 20:21:41.638741
1081	134	\N	2	2019-10-20 20:22:09.08376
1082	134	\N	1	2019-10-20 20:22:41.079711
1083	53	\N	4	2019-10-20 20:23:18.514253
1084	106	\N	1	2019-10-20 20:23:55.964683
1085	23	\N	1	2019-10-20 20:24:36.173575
1086	91	\N	2	2019-10-20 20:26:49.941062
1087	83	\N	1	2019-10-20 20:27:23.283188
1088	91	\N	1	2019-10-20 20:27:57.298134
1089	92	\N	1	2019-10-20 20:28:21.197607
1090	53	\N	1	2019-10-20 20:28:47.441612
1091	107	\N	1	2019-10-20 20:29:14.937947
1092	148	\N	2	2019-10-20 20:30:19.85648
1093	148	\N	1	2019-10-20 20:30:53.339597
1094	46	\N	1	2019-10-20 20:31:29.037629
1095	98	\N	1	2019-10-20 20:32:04.438184
1096	88	\N	1	2019-10-21 05:20:36.047161
1097	23	\N	1	2019-10-21 05:20:58.937213
1098	102	\N	1	2019-10-21 05:21:18.64166
1099	73	\N	1	2019-10-21 05:21:44.675669
1100	85	\N	1	2019-10-21 05:22:04.485657
1101	57	\N	1	2019-10-21 05:22:33.454673
1102	130	\N	1	2019-10-21 05:22:56.288615
1103	21	\N	1	2019-10-21 05:23:29.037679
1104	118	\N	1	2019-10-21 05:23:57.015884
1105	131	\N	2	2019-10-21 05:24:29.8917
1106	83	\N	1	2019-10-21 17:32:48.683164
1107	105	\N	1	2019-10-21 17:33:22.198448
1108	92	\N	1	2019-10-21 17:34:13.877651
1109	1	\N	1	2019-10-21 17:34:57.647777
1110	70	\N	1	2019-10-21 17:35:19.241468
1111	87	\N	1	2019-10-21 17:36:14.238644
1112	128	\N	1	2019-10-21 17:36:34.563708
1113	78	\N	1	2019-10-21 17:37:02.631646
1114	107	\N	1	2019-10-21 17:38:08.337374
1115	98	\N	1	2019-10-21 17:38:44.107411
1116	97	\N	5	2019-10-21 17:41:09.140961
1117	54	\N	1	2019-10-21 17:42:29.672159
1118	24	\N	1	2019-10-21 17:44:14.921475
1119	75	\N	2	2019-10-21 17:46:01.385742
1120	134	\N	2	2019-10-21 17:47:52.138538
1121	148	\N	1	2019-10-21 17:49:24.298291
1122	86	\N	1	2019-10-21 17:50:37.642339
1123	55	\N	1	2019-10-21 17:50:59.850629
1124	132	\N	1	2019-10-21 17:52:36.366611
1125	117	\N	1	2019-10-21 17:52:58.778838
1126	21	\N	1	2019-10-22 17:00:31.255161
1127	57	\N	1	2019-10-22 17:00:57.002372
1128	148	\N	1	2019-10-22 17:01:18.475659
1129	102	\N	1	2019-10-22 17:01:50.314698
1130	22	\N	1	2019-10-22 17:02:12.737135
1131	107	\N	1	2019-10-22 17:02:42.261744
1132	75	\N	2	2019-10-22 17:03:13.565673
1133	85	\N	1	2019-10-22 17:04:03.42581
1134	23	\N	1	2019-10-22 17:04:29.411649
1135	78	\N	1	2019-10-22 17:04:51.119751
1136	128	\N	1	2019-10-22 17:05:40.141158
1137	83	\N	1	2019-10-22 17:06:05.214283
1138	81	\N	1	2019-10-22 17:06:34.469765
1139	20	\N	1	2019-10-22 17:07:16.816618
1140	118	\N	1	2019-10-22 17:07:47.804502
1141	147	\N	1	2019-10-22 17:08:20.442754
1142	106	\N	1	2019-10-22 17:08:49.405759
1143	55	\N	1	2019-10-22 17:09:33.591398
1144	87	\N	1	2019-10-22 17:10:07.172234
1145	86	\N	1	2019-10-22 17:10:25.540242
1146	73	\N	1	2019-10-22 17:11:20.758265
1147	97	\N	1	2019-10-22 17:11:42.65975
1148	134	\N	1	2019-10-22 17:12:18.715724
1149	54	\N	1	2019-10-22 17:12:51.402775
1150	98	\N	1	2019-10-22 17:13:16.361722
1151	19	\N	1	2019-10-22 17:13:58.992715
1152	75	\N	1	2019-10-22 17:14:16.041718
1153	92	\N	1	2019-10-22 17:14:55.865789
1154	53	\N	1	2019-10-22 17:15:24.11466
1155	132	\N	1	2019-10-22 17:15:42.187594
1156	84	\N	4	2019-10-22 17:16:14.499223
1157	24	\N	1	2019-10-22 17:17:39.040026
1158	105	\N	1	2019-10-22 17:18:05.744629
1159	46	\N	1	2019-10-22 17:18:32.659632
1160	131	\N	1	2019-10-22 17:18:59.699724
1161	91	\N	1	2019-10-22 17:19:36.097687
1162	70	\N	1	2019-10-22 17:19:58.042806
1163	84	\N	1	2019-10-22 17:20:22.738677
1164	130	\N	1	2019-10-22 17:21:03.542416
1165	112	\N	1	2019-10-22 17:21:27.899668
1166	79	\N	1	2019-10-22 17:21:56.913935
1167	1	\N	1	2019-10-22 17:22:23.978412
1168	117	\N	1	2019-10-22 17:22:42.593713
1169	88	\N	2	2019-10-22 17:23:11.311679
1170	88	\N	1	2019-10-22 17:23:41.270157
1171	107	\N	1	2019-10-23 05:18:43.467161
1172	53	\N	1	2019-10-23 05:19:33.189545
1173	55	\N	1	2019-10-23 05:19:54.097738
1174	73	\N	2	2019-10-23 05:20:27.893749
1175	46	\N	1	2019-10-23 05:21:06.848558
1176	21	\N	2	2019-10-23 05:21:33.550706
1177	73	\N	1	2019-10-23 05:22:10.645699
1178	102	\N	1	2019-10-23 05:22:42.641716
1179	128	\N	1	2019-10-23 05:23:08.371407
1180	132	\N	1	2019-10-23 05:23:34.913676
1181	19	\N	1	2019-10-24 20:47:07.206205
1182	148	\N	1	2019-10-24 20:47:26.053712
1183	106	\N	1	2019-10-24 20:47:57.114668
1184	24	\N	1	2019-10-24 20:48:36.649494
1185	23	\N	1	2019-10-24 20:49:02.839424
1186	81	\N	1	2019-10-24 20:49:24.552659
1187	54	\N	2	2019-10-24 20:54:04.997546
1188	112	\N	1	2019-10-24 20:54:35.098707
1189	107	\N	1	2019-10-24 21:02:57.637688
1190	88	\N	1	2019-10-24 21:04:12.292618
1191	147	\N	2	2019-10-25 05:20:51.014233
1192	112	\N	1	2019-10-25 05:21:31.813029
1193	130	\N	1	2019-10-25 05:22:02.542731
1194	107	\N	1	2019-10-25 05:22:33.360766
1195	75	\N	2	2019-10-25 05:23:18.096808
1196	147	\N	1	2019-10-25 05:24:15.856651
1197	79	\N	2	2019-10-25 05:24:46.586727
1198	22	\N	1	2019-10-25 05:25:24.541696
1199	20	\N	1	2019-10-25 05:25:45.360595
1200	79	\N	1	2019-10-25 05:26:14.270879
1201	78	\N	1	2019-10-27 20:35:46.066957
1202	92	\N	1	2019-10-27 20:36:15.847397
1203	107	\N	1	2019-10-27 20:38:06.167781
1204	91	\N	2	2019-10-27 20:38:43.054135
1205	70	\N	1	2019-10-27 20:40:25.884641
1206	46	\N	1	2019-10-27 20:41:07.507811
1207	75	\N	1	2019-10-27 20:44:13.741679
1208	54	\N	1	2019-10-27 20:45:04.373755
1209	22	\N	1	2019-10-27 20:45:34.299704
1210	91	\N	1	2019-10-27 20:47:33.999733
1211	1	\N	1	2019-10-27 20:48:50.863186
1212	55	\N	1	2019-10-27 20:49:09.189074
1213	102	\N	1	2019-10-27 20:49:47.586799
1214	88	\N	1	2019-10-27 20:53:25.577731
1215	98	\N	1	2019-10-27 20:53:53.185683
1216	148	\N	1	2019-10-27 20:56:27.690592
1217	84	\N	1	2019-10-27 20:57:37.538735
1218	24	\N	1	2019-10-27 20:58:31.448662
1219	117	\N	4	2019-10-27 20:59:53.67941
1220	130	\N	1	2019-10-27 21:00:45.77967
1221	132	\N	1	2019-10-28 16:20:50.342272
1222	24	\N	1	2019-10-28 16:21:14.245037
1223	118	\N	1	2019-10-28 16:21:37.073843
1224	105	\N	1	2019-10-28 16:22:10.137772
1225	84	\N	4	2019-10-28 16:22:28.989811
1226	79	\N	1	2019-10-28 16:23:33.551841
1227	117	\N	1	2019-10-28 16:24:59.113791
1228	106	\N	1	2019-10-28 16:25:33.485715
1229	53	\N	1	2019-10-28 16:26:03.901786
1230	81	\N	1	2019-10-28 16:26:29.106507
1231	98	\N	1	2019-10-28 16:27:24.385307
1232	88	\N	1	2019-10-28 16:27:58.950261
1233	73	\N	1	2019-10-28 16:28:23.173821
1234	20	\N	1	2019-10-28 16:28:42.387815
1235	131	\N	1	2019-10-28 16:29:53.09183
1236	91	\N	1	2019-10-28 16:30:24.665832
1237	102	\N	1	2019-10-28 16:30:43.873855
1238	134	\N	1	2019-10-28 16:31:24.537763
1239	70	\N	1	2019-10-28 16:31:58.915783
1240	83	\N	2	2019-10-28 16:32:16.909749
1241	92	\N	1	2019-10-28 18:28:35.841318
1242	130	\N	2	2019-10-28 18:29:14.811837
1243	75	\N	1	2019-10-28 18:29:43.711825
1244	87	\N	2	2019-10-28 18:30:26.486801
1245	83	\N	1	2019-10-28 18:31:05.840457
1246	86	\N	1	2019-10-28 18:31:36.63596
1247	46	\N	1	2019-10-28 18:32:12.011793
1248	55	\N	1	2019-10-28 18:33:16.885813
1249	107	\N	1	2019-10-28 18:33:56.141806
1250	1	\N	1	2019-10-28 18:34:25.754191
1251	46	\N	1	2019-10-29 18:25:22.347282
1252	57	\N	1	2019-10-29 18:25:46.639619
1253	131	\N	1	2019-10-29 18:26:58.944833
1254	91	\N	1	2019-10-29 18:27:24.851834
1255	79	\N	1	2019-10-29 18:28:05.752845
1256	75	\N	2	2019-10-29 18:29:10.498869
1257	53	\N	1	2019-10-29 18:33:39.612874
1258	132	\N	1	2019-10-29 18:33:58.410517
1259	118	\N	1	2019-10-29 18:36:48.950687
1260	70	\N	1	2019-10-29 18:37:55.782805
1261	107	\N	1	2019-10-29 18:38:42.956286
1262	117	\N	4	2019-10-29 18:41:01.497505
1263	117	\N	1	2019-10-29 18:43:44.778954
1264	23	\N	1	2019-10-29 18:44:44.894778
1265	130	\N	1	2019-10-29 18:46:19.508764
1266	81	\N	1	2019-10-29 18:46:50.236931
1267	75	\N	1	2019-10-29 18:47:19.750932
1268	55	\N	1	2019-10-29 18:48:25.540859
1269	73	\N	1	2019-10-29 18:50:59.800691
1270	20	\N	1	2019-10-29 18:51:18.251528
1271	102	\N	2	2019-11-02 11:43:15.642256
1272	84	\N	2	2019-11-02 11:43:40.906819
1273	46	\N	2	2019-11-02 11:51:12.937911
1274	86	\N	1	2019-11-02 11:52:16.184868
1275	1	\N	1	2019-11-02 11:52:39.112778
1276	84	\N	1	2019-11-02 11:52:56.237948
1277	131	\N	1	2019-11-02 11:53:23.257776
1278	23	\N	1	2019-11-02 11:54:49.613756
1279	147	\N	2	2019-11-02 11:55:19.94486
1280	147	\N	1	2019-11-02 11:55:50.982718
1281	81	\N	2	2019-11-02 11:56:25.303228
1282	81	\N	1	2019-11-02 11:56:57.401346
1283	19	\N	1	2019-11-02 11:58:23.642849
1284	106	\N	1	2019-11-02 11:58:53.340838
1285	21	\N	1	2019-11-02 11:59:27.442572
1286	132	\N	1	2019-11-02 11:59:59.969912
1287	107	\N	1	2019-11-02 12:00:23.254825
1288	117	\N	1	2019-11-02 12:00:58.587514
1289	46	\N	1	2019-11-02 12:01:25.138683
1290	105	\N	1	2019-11-02 12:02:44.609743
1291	102	\N	1	2019-11-02 12:06:11.199312
1292	73	\N	1	2019-11-02 12:06:36.077373
1293	130	\N	1	2019-11-02 12:07:01.251821
1294	92	\N	3	2019-11-02 12:07:30.741745
1295	83	\N	2	2019-11-02 12:08:12.654767
1296	79	\N	2	2019-11-02 12:10:25.05082
1297	24	\N	1	2019-11-02 12:11:06.355803
1298	57	\N	1	2019-11-02 12:11:40.83772
1299	118	\N	1	2019-11-02 12:12:33.341533
1300	112	\N	1	2019-11-02 12:13:08.037736
1301	75	\N	2	2019-11-02 12:15:05.37525
1302	98	\N	1	2019-11-02 12:15:57.88337
1303	85	\N	1	2019-11-02 12:16:52.290792
1304	53	\N	1	2019-11-02 12:17:57.142751
1305	22	\N	1	2019-11-02 12:18:17.165739
1306	88	\N	2	2019-11-02 12:19:07.557816
1307	20	\N	1	2019-11-02 12:19:38.638829
1308	97	\N	2	2019-11-02 12:22:50.796899
1309	88	\N	1	2019-11-02 12:23:34.209725
1310	75	\N	1	2019-11-02 12:23:57.84978
1311	79	\N	1	2019-11-02 12:28:34.441002
1312	92	\N	1	2019-11-02 19:06:49.155898
1313	54	\N	1	2019-11-02 19:07:16.217556
1314	87	\N	4	2019-11-02 19:08:15.436929
1315	91	\N	1	2019-11-02 19:08:41.78476
1316	97	\N	2	2019-11-02 19:09:04.436959
1317	128	\N	1	2019-11-02 19:10:09.740875
1318	55	\N	1	2019-11-02 19:11:21.237983
1319	83	\N	1	2019-11-02 19:13:29.794729
1320	78	\N	1	2019-11-02 19:15:12.943807
1321	97	\N	2	2019-11-02 19:18:04.284314
1322	87	\N	1	2019-11-02 19:18:59.469318
1323	148	\N	1	2019-11-02 19:21:20.143321
1324	70	\N	1	2019-11-02 19:21:58.242805
1325	134	\N	1	2019-11-02 19:24:36.07479
1326	50	\N	1	2019-11-02 20:52:43.107039
1327	48	\N	4	2019-11-02 20:53:02.838523
1328	47	\N	1	2019-11-02 20:54:46.280724
1329	49	\N	1	2019-11-02 20:54:49.837798
1330	52	\N	1	2019-11-02 20:54:57.247579
1331	48	\N	2	2019-11-02 20:55:03.570758
1332	48	\N	1	2019-11-02 20:55:21.152827
1333	51	\N	4	2019-11-02 20:56:43.515017
1334	2	\N	1	2019-11-02 20:57:19.353344
1335	58	\N	1	2019-11-02 20:57:52.538308
1336	64	\N	1	2019-11-03 11:12:33.562974
1337	59	\N	1	2019-11-03 11:12:44.14783
1338	65	\N	1	2019-11-03 11:12:48.783849
1339	62	\N	1	2019-11-03 11:12:58.18384
1340	61	\N	1	2019-11-03 11:13:03.737836
1341	66	\N	4	2019-11-03 11:13:08.80584
1342	3	\N	1	2019-11-03 11:13:35.513747
1343	60	\N	1	2019-11-03 11:13:40.853652
1344	67	\N	2	2019-11-03 11:13:46.238672
1345	58	\N	1	2019-11-03 11:14:20.811312
1346	67	\N	1	2019-11-03 11:14:29.998227
1347	63	\N	1	2019-11-03 11:14:38.141943
1348	66	\N	1	2019-11-03 11:14:44.998196
1349	68	\N	1	2019-11-03 11:14:50.261804
1350	48	\N	1	2019-11-03 11:15:03.139039
1351	51	\N	1	2019-11-03 11:15:09.92232
1352	2	\N	1	2019-11-03 11:15:14.740756
1353	50	\N	1	2019-11-03 11:15:19.854254
1354	49	\N	1	2019-11-03 11:15:24.385939
1355	47	\N	1	2019-11-03 11:15:29.610772
1356	52	\N	1	2019-11-03 11:15:33.601965
1357	142	\N	1	2019-11-03 11:16:50.247329
1358	136	\N	1	2019-11-03 11:16:58.456274
1359	144	\N	2	2019-11-03 11:17:01.193473
1360	139	\N	1	2019-11-03 11:17:10.03776
1361	135	\N	1	2019-11-03 11:17:14.291775
1362	141	\N	1	2019-11-03 11:17:17.413806
1363	143	\N	1	2019-11-03 11:17:22.141917
1364	144	\N	1	2019-11-03 11:17:28.115726
1365	138	\N	4	2019-11-03 11:17:32.155732
1366	140	\N	1	2019-11-03 11:17:49.040769
1367	137	\N	1	2019-11-03 11:18:05.313308
1368	138	\N	1	2019-11-03 11:18:13.866336
1369	72	\N	4	2019-11-03 11:18:52.240332
1370	94	\N	4	2019-11-03 11:21:28.211278
1371	94	\N	1	2019-11-03 11:21:59.259655
1372	93	\N	1	2019-11-03 11:22:06.776337
1373	114	\N	4	2019-11-03 11:22:21.1227
1374	100	\N	4	2019-11-03 11:22:35.264216
1375	99	\N	4	2019-11-03 11:23:03.542671
1376	100	\N	1	2019-11-03 11:37:31.068209
1377	101	\N	4	2019-11-03 11:55:59.74025
1378	101	\N	1	2019-11-03 11:56:23.947412
1379	99	\N	4	2019-11-03 11:56:29.767812
1380	69	\N	1	2019-11-03 21:49:58.163219
1381	69	\N	2	2019-11-04 06:24:39.008506
1382	116	\N	4	2019-11-04 06:24:59.179277
1383	95	\N	1	2019-11-04 06:25:13.408767
1384	150	\N	5	2019-11-04 06:25:19.764739
1385	76	\N	1	2019-11-04 06:25:39.788814
1386	4	\N	2	2019-11-04 06:25:47.616907
1387	80	\N	1	2019-11-04 06:25:58.155313
1388	82	\N	4	2019-11-04 06:26:03.9927
1389	146	\N	4	2019-11-04 06:26:18.258756
1390	96	\N	1	2019-11-04 19:00:13.436911
1391	150	\N	4	2019-11-04 19:00:23.085337
1392	115	\N	4	2019-11-04 19:00:57.07283
1393	104	\N	1	2019-11-04 19:01:11.537819
1394	71	\N	1	2019-11-04 19:01:18.552764
1395	103	\N	1	2019-11-04 19:01:23.505084
1396	4	\N	4	2019-11-04 19:01:30.054739
1397	153	\N	1	2019-11-04 19:01:55.614659
1398	116	\N	4	2019-11-04 19:02:05.662683
1399	6	\N	1	2019-11-04 19:02:24.34121
1400	116	\N	1	2019-11-04 19:02:44.449059
1401	146	\N	5	2019-11-04 19:02:55.341502
1402	123	\N	4	2019-11-04 19:03:31.002831
1403	150	\N	1	2019-11-04 19:03:47.192571
1404	115	\N	4	2019-11-04 19:03:53.94278
1405	4	\N	1	2019-11-04 19:04:09.864827
1406	115	\N	1	2019-11-04 19:04:15.716752
1407	146	\N	1	2019-11-04 19:04:20.305747
1408	123	\N	1	2019-11-04 19:04:29.041229
1409	69	\N	1	2019-11-04 19:04:43.238364
1410	82	\N	4	2019-11-04 19:04:48.052845
1411	82	\N	1	2019-11-04 19:05:08.972267
1412	96	\N	1	2019-11-05 18:29:39.140165
1413	104	\N	1	2019-11-05 18:29:52.05721
1414	116	\N	2	2019-11-05 18:30:00.788664
1415	80	\N	1	2019-11-05 18:30:10.024685
1416	153	\N	4	2019-11-05 18:30:14.981683
1417	116	\N	1	2019-11-05 18:30:52.082725
1418	150	\N	2	2019-11-05 18:30:58.078646
1419	76	\N	1	2019-11-05 18:31:07.208586
1420	82	\N	1	2019-11-05 18:31:18.538575
1421	6	\N	5	2019-11-05 18:31:27.255599
1422	6	\N	1	2019-11-05 18:32:06.866175
1423	95	\N	1	2019-11-05 18:32:14.598174
1424	4	\N	1	2019-11-05 18:32:20.798377
1425	153	\N	2	2019-11-05 18:32:30.254703
1426	146	\N	5	2019-11-05 18:32:46.440753
1427	123	\N	4	2019-11-05 18:33:14.973417
1428	71	\N	1	2019-11-05 18:33:30.305459
1429	146	\N	1	2019-11-05 18:33:37.891404
1430	69	\N	1	2019-11-05 18:33:44.625435
1431	103	\N	4	2019-11-05 18:33:49.539394
1432	153	\N	2	2019-11-05 18:34:13.398978
1433	103	\N	1	2019-11-05 18:34:33.208875
1434	115	\N	4	2019-11-05 18:34:41.040033
1435	153	\N	1	2019-11-05 18:34:56.040509
1436	150	\N	1	2019-11-05 18:35:04.181504
1437	115	\N	1	2019-11-05 18:35:11.940088
1438	123	\N	1	2019-11-05 18:35:20.745913
1439	71	\N	2	2020-01-02 18:39:00.571867
1440	69	\N	4	2020-01-02 18:39:25.35816
1441	80	\N	1	2020-01-02 18:40:18.254384
1442	156	\N	2	2020-01-02 18:40:26.458734
1443	104	\N	6	2020-01-02 18:40:49.883713
1444	150	\N	4	2020-01-02 18:43:18.120433
1445	82	\N	4	2020-01-02 18:43:35.877676
1446	103	\N	4	2020-01-02 18:44:28.940497
1447	76	\N	1	2020-01-02 18:44:42.753602
1448	150	\N	4	2020-01-02 18:44:51.803292
1449	162	\N	1	2020-01-09 19:29:06.070822
1450	164	\N	1	2020-01-09 19:29:33.502977
1451	126	\N	1	2020-01-09 19:29:43.801578
1452	160	\N	1	2020-01-09 19:29:49.668345
1453	163	\N	1	2020-01-09 19:29:54.836699
1454	124	\N	1	2020-01-09 19:30:05.734652
1455	125	\N	1	2020-01-09 19:30:10.010437
1456	127	\N	1	2020-01-09 19:30:13.964349
1457	165	\N	2	2020-01-09 19:30:18.860298
1458	165	\N	1	2020-01-09 19:30:33.057743
1459	160	\N	1	2020-01-11 12:28:28.340077
1460	124	\N	1	2020-01-11 12:28:36.219295
1461	161	\N	1	2020-01-11 12:28:38.848656
1462	126	\N	1	2020-01-11 12:28:44.049425
1463	165	\N	1	2020-01-11 12:28:49.895618
1464	164	\N	1	2020-01-11 12:28:55.056625
1465	125	\N	1	2020-01-11 12:28:59.021604
1466	127	\N	1	2020-01-11 12:29:08.820543
1467	163	\N	4	2020-01-11 12:29:16.704481
1468	163	\N	1	2020-01-11 12:29:58.941338
1469	163	\N	4	2020-01-12 22:25:50.608114
1470	124	\N	1	2020-01-12 22:26:20.755254
1471	125	\N	1	2020-01-12 22:26:27.040568
1472	164	\N	1	2020-01-12 22:26:33.580918
1473	165	\N	1	2020-01-12 22:26:39.108568
1474	127	\N	1	2020-01-12 22:26:43.437553
1475	163	\N	1	2020-01-12 22:26:50.109648
1476	160	\N	1	2020-01-12 22:27:13.091265
1477	126	\N	1	2020-01-12 22:27:17.052349
1478	161	\N	2	2020-01-12 22:27:22.546291
1479	172	\N	4	2020-04-08 07:34:35.535772
1480	171	\N	1	2020-04-08 07:35:41.276467
1481	175	\N	1	2020-04-08 07:35:50.121182
1482	169	\N	1	2020-04-08 07:35:59.362185
1483	174	\N	1	2020-04-08 07:36:13.282279
1484	167	\N	4	2020-04-08 07:36:19.447244
1485	168	\N	1	2020-04-08 07:36:34.057174
1486	167	\N	1	2020-04-08 07:36:44.376419
1487	172	\N	1	2020-04-08 07:36:49.162477
1488	170	\N	1	2020-04-08 07:38:25.528673
1489	173	\N	1	2020-04-08 07:38:34.552699
1490	169	\N	1	2020-04-09 06:58:38.118974
1491	175	\N	1	2020-04-09 06:58:49.905021
1492	172	\N	1	2020-04-09 06:58:55.754257
1493	171	\N	1	2020-04-09 06:59:01.514244
1494	173	\N	2	2020-04-09 06:59:06.31393
1495	168	\N	1	2020-04-09 06:59:19.186477
1496	173	\N	1	2020-04-09 06:59:34.033548
1497	174	\N	1	2020-04-09 06:59:38.042426
1498	170	\N	1	2020-04-09 06:59:42.43214
1499	167	\N	4	2020-04-09 06:59:57.825662
1500	181	\N	1	2020-04-20 11:53:30.250697
1501	197	\N	4	2020-04-20 11:53:51.494046
1502	193	\N	1	2020-04-20 11:54:06.49922
1503	191	\N	4	2020-04-20 11:54:11.909226
1504	195	\N	4	2020-04-20 11:54:37.573411
1505	179	\N	1	2020-04-20 11:54:52.691472
1506	195	\N	1	2020-04-20 11:54:59.542409
1507	196	\N	4	2020-04-20 11:55:13.141164
1508	197	\N	1	2020-04-20 11:55:25.491105
1509	192	\N	4	2020-04-20 11:55:30.489184
1510	187	\N	1	2020-04-20 11:55:53.528685
1511	191	\N	1	2020-04-20 11:56:04.099089
1512	184	\N	4	2020-04-20 11:56:25.811214
1513	185	\N	4	2020-04-20 11:56:41.171185
1514	196	\N	4	2020-04-20 11:57:01.695195
1515	182	\N	1	2020-04-20 11:57:17.178178
1516	178	\N	4	2020-04-20 11:57:22.855425
1517	178	\N	1	2020-04-20 11:57:37.022211
1518	188	\N	1	2020-04-20 11:57:42.899184
1519	196	\N	1	2020-04-20 11:57:51.735257
1520	189	\N	1	2020-04-20 11:58:10.209724
1521	177	\N	4	2020-04-20 11:58:32.292722
1522	177	\N	1	2020-04-20 11:58:51.489503
1523	180	\N	2	2020-04-20 11:58:57.501478
1524	184	\N	1	2020-04-20 11:59:19.32919
1525	190	\N	1	2020-04-20 11:59:28.217194
1526	186	\N	1	2020-04-20 11:59:32.662428
1527	185	\N	1	2020-04-20 11:59:36.857428
1528	180	\N	2	2020-04-20 11:59:44.314146
1529	194	\N	4	2020-04-20 11:59:56.290222
1530	180	\N	2	2020-04-20 12:23:32.409684
1531	183	\N	4	2020-04-20 12:23:51.161761
1532	183	\N	1	2020-04-20 12:24:41.049581
1533	180	\N	1	2020-04-20 12:24:47.647189
1534	194	\N	3	2020-04-20 12:25:07.568664
1535	192	\N	2	2020-04-20 12:25:26.167
1536	192	\N	1	2020-04-20 12:25:49.248676
1537	194	\N	1	2020-04-20 12:25:58.124981
1538	180	\N	1	2020-04-21 09:35:09.877661
1539	182	\N	1	2020-04-21 09:35:27.116836
1540	185	\N	4	2020-04-21 09:35:36.587419
1541	192	\N	2	2020-04-21 09:36:07.30825
1542	178	\N	4	2020-04-21 09:36:32.418179
1543	197	\N	2	2020-04-21 09:36:54.469213
1544	190	\N	1	2020-04-21 09:37:10.193008
1545	179	\N	1	2020-04-21 09:37:16.433344
1546	188	\N	1	2020-04-21 09:37:23.554429
1547	187	\N	1	2020-04-21 09:37:36.707095
1548	193	\N	1	2020-04-21 09:37:50.985697
1549	184	\N	1	2020-04-21 09:37:58.106888
1550	177	\N	4	2020-04-21 09:38:12.593308
1551	181	\N	1	2020-04-21 09:38:25.833179
1552	196	\N	1	2020-04-21 09:38:31.306241
1553	192	\N	4	2020-04-21 09:39:02.071529
1554	191	\N	1	2020-04-21 09:39:30.984168
1555	178	\N	4	2020-04-21 09:39:52.306172
1556	185	\N	2	2020-04-21 09:40:13.552194
1557	197	\N	1	2020-04-21 09:40:26.028272
1558	192	\N	1	2020-04-21 09:40:35.512646
1559	177	\N	4	2020-04-21 09:40:47.752945
1560	195	\N	4	2020-04-21 09:41:04.188196
1561	185	\N	1	2020-04-21 09:41:34.795011
1562	189	\N	1	2020-04-21 09:41:46.186383
1563	195	\N	2	2020-04-21 09:41:53.268174
1564	183	\N	1	2020-04-21 09:42:23.046631
1565	178	\N	2	2020-04-21 09:42:36.148112
1566	194	\N	1	2020-04-21 09:42:52.066317
1567	178	\N	1	2020-04-21 09:43:00.465956
1568	177	\N	1	2020-04-21 09:43:09.228761
1569	195	\N	3	2020-04-21 09:43:16.563232
1570	186	\N	1	2020-04-21 09:43:32.406173
1571	172	\N	1	2020-04-24 09:47:34.52972
1572	174	\N	1	2020-04-24 09:47:42.169739
1573	167	\N	7	2020-04-24 09:47:47.355267
1574	176	\N	2	2020-04-24 09:50:23.115361
1575	170	\N	1	2020-04-24 09:50:37.540299
1576	175	\N	1	2020-04-24 09:50:42.530521
1577	167	\N	2	2020-04-24 09:50:50.828208
1578	168	\N	1	2020-04-24 09:50:59.966101
1579	169	\N	4	2020-04-24 09:51:08.733157
1580	176	\N	4	2020-04-24 09:51:24.409383
1581	176	\N	4	2020-04-24 09:51:43.370664
1582	176	\N	1	2020-04-24 09:52:18.649945
1583	169	\N	1	2020-04-24 09:52:22.369204
1584	173	\N	1	2020-04-24 09:52:29.689125
1585	171	\N	1	2020-04-24 09:52:33.578183
1586	167	\N	1	2020-04-24 09:52:40.848672
1587	86	\N	1	2020-05-12 06:21:28.463914
1588	112	\N	1	2020-05-12 06:22:26.353522
1589	131	\N	4	2020-05-12 06:23:24.623252
1590	23	\N	1	2020-05-12 06:26:19.229212
1591	21	\N	1	2020-05-12 06:26:46.342606
1592	75	\N	7	2020-05-12 06:27:17.953241
1593	73	\N	1	2020-05-12 06:28:28.941309
1594	148	\N	4	2020-05-12 06:29:24.630414
1595	75	\N	4	2020-05-12 06:29:56.657338
1596	91	\N	4	2020-05-12 06:30:57.622188
1597	53	\N	1	2020-05-13 06:14:26.574734
1598	79	\N	1	2020-05-13 06:15:11.715847
1599	107	\N	4	2020-05-13 06:15:44.561243
1600	19	\N	2	2020-05-13 06:16:59.20349
1601	78	\N	1	2020-05-13 06:17:36.039188
1602	98	\N	11	2020-05-13 06:18:11.241533
1603	23	\N	1	2020-05-13 06:19:33.399464
1604	159	\N	103	2020-05-13 06:19:56.00637
1605	132	\N	2	2020-05-13 06:21:57.676513
1606	91	\N	11	2020-05-13 06:22:29.844135
1607	70	\N	1	2020-05-14 06:18:59.130939
1608	112	\N	1	2020-05-14 06:19:27.52745
1609	132	\N	1	2020-05-14 06:20:02.836317
1610	22	\N	1	2020-05-14 06:20:24.433186
1611	106	\N	4	2020-05-14 06:20:39.765446
1612	19	\N	1	2020-05-14 06:22:06.779263
1613	75	\N	1	2020-05-14 06:22:38.792188
1614	148	\N	2	2020-05-14 06:24:04.238462
1615	24	\N	1	2020-05-14 06:24:40.594233
1616	92	\N	1	2020-05-14 06:25:13.138122
1617	117	\N	4	2020-05-15 06:23:46.93397
1618	106	\N	1	2020-05-15 06:24:36.736121
1619	83	\N	5	2020-05-15 06:25:16.02616
1620	92	\N	1	2020-05-15 06:26:25.826607
1621	112	\N	1	2020-05-15 06:26:54.597866
1622	134	\N	5	2020-05-15 06:27:58.45417
1623	102	\N	4	2020-05-15 06:28:43.33553
1624	24	\N	1	2020-05-15 06:29:42.374217
1625	21	\N	1	2020-05-15 06:30:10.490195
1626	97	\N	1	2020-05-15 06:30:34.117127
1627	97	\N	2	2020-05-16 09:30:39.95475
1628	158	\N	14	2020-05-16 09:32:20.040732
1629	21	\N	1	2020-05-16 09:33:33.712211
1630	134	\N	2	2020-05-16 09:34:03.114211
1631	85	\N	1	2020-05-16 09:34:38.752432
1632	54	\N	11	2020-05-16 09:36:47.87656
1633	57	\N	1	2020-05-16 09:38:16.36619
1634	106	\N	1	2020-05-16 09:38:40.074155
1635	166	\N	4	2020-05-16 09:40:20.777252
1636	105	\N	5	2020-05-16 09:41:47.993194
1637	57	\N	1	2020-05-17 10:15:05.889638
1638	22	\N	1	2020-05-17 10:15:31.689908
1639	19	\N	1	2020-05-17 10:15:54.004187
1640	102	\N	5	2020-05-17 10:16:09.159293
1641	54	\N	1	2020-05-17 10:16:49.088203
1642	130	\N	4	2020-05-17 10:17:12.363213
1643	107	\N	4	2020-05-17 10:17:46.363222
1644	87	\N	2	2020-05-17 10:18:33.164135
1645	102	\N	2	2020-05-17 10:19:45.604388
1646	24	\N	1	2020-05-17 10:20:18.724153
1647	107	\N	1	2020-05-18 06:48:51.792314
1648	128	\N	1	2020-05-18 06:49:42.995536
1649	166	\N	4	2020-05-18 06:50:11.073077
1650	22	\N	1	2020-05-18 06:50:53.556289
1651	79	\N	11	2020-05-18 06:51:16.755184
1652	132	\N	2	2020-05-18 06:54:13.28102
1653	118	\N	4	2020-05-18 06:54:48.057147
1654	166	\N	1	2020-05-18 06:55:33.447984
1655	88	\N	2	2020-05-18 06:56:35.43228
1656	117	\N	4	2020-05-18 06:57:06.993316
1657	46	\N	1	2020-05-19 06:12:20.938521
1658	75	\N	1	2020-05-19 06:12:52.24857
1659	84	\N	2	2020-05-19 06:13:28.005261
1660	70	\N	1	2020-05-19 06:14:21.178378
1661	53	\N	4	2020-05-19 06:14:43.59635
1662	23	\N	1	2020-05-19 06:16:42.26014
1663	1	\N	1	2020-05-19 06:17:06.258019
1664	130	\N	2	2020-05-19 06:17:25.097994
1665	216	\N	4	2020-05-19 06:18:00.978378
1666	102	\N	1	2020-05-19 06:18:48.436263
1667	55	\N	1	2020-05-27 06:04:58.774564
1668	112	\N	1	2020-05-27 06:05:38.014178
1669	118	\N	1	2020-05-27 06:06:04.556143
1670	54	\N	3	2020-05-27 06:06:35.615075
1671	102	\N	1	2020-05-27 06:07:15.566082
1672	21	\N	1	2020-05-27 06:07:40.888112
1673	131	\N	2	2020-05-27 06:08:12.337404
1674	73	\N	1	2020-05-27 06:09:12.32822
1675	46	\N	2	2020-05-27 06:09:40.88199
1676	130	\N	4	2020-05-27 06:10:19.045363
1677	216	\N	7	2020-06-09 06:08:30.510829
1678	21	\N	1	2020-06-09 06:09:50.072515
1679	81	\N	1	2020-06-09 06:10:24.073519
1680	86	\N	1	2020-06-09 06:10:53.547499
1681	131	\N	4	2020-06-09 06:11:23.23159
1682	105	\N	1	2020-06-09 06:12:15.387532
1683	73	\N	1	2020-06-09 06:12:44.549221
1684	87	\N	2	2020-06-09 06:13:34.27131
1685	92	\N	2	2020-06-09 06:14:00.14906
1686	79	\N	2	2020-06-09 06:14:40.947232
1687	97	\N	5	2020-06-19 07:07:49.554001
1688	97	\N	1	2020-06-19 07:09:31.668185
1689	112	\N	1	2020-06-19 07:10:09.458711
1690	147	\N	3	2020-06-19 07:10:36.474765
1691	20	\N	1	2020-06-19 07:11:14.017715
1692	131	\N	5	2020-06-19 07:11:44.378449
1693	166	\N	4	2020-06-19 07:12:32.553765
1694	85	\N	3	2020-06-19 07:13:15.9384
1695	107	\N	4	2020-06-19 07:14:16.657495
1696	86	\N	1	2020-06-19 07:15:02.991109
1697	201	\N	6	2020-06-23 06:24:41.839174
1698	192	\N	4	2020-06-23 06:25:22.803275
1699	177	\N	4	2020-06-23 06:25:37.672544
1700	188	\N	4	2020-06-23 06:25:49.039556
1701	183	\N	4	2020-06-23 06:26:07.403235
1702	213	\N	4	2020-06-23 06:26:17.477094
1703	210	\N	4	2020-06-23 06:26:30.318436
1704	202	\N	5	2020-06-23 06:26:45.366409
1705	202	\N	1	2020-06-23 06:27:03.196465
1706	209	\N	4	2020-06-23 06:27:14.718464
1707	22	\N	1	2020-06-24 06:03:07.017414
1708	130	\N	4	2020-06-24 06:03:27.441644
1709	107	\N	2	2020-06-24 06:04:03.230678
1710	130	\N	2	2020-06-24 06:04:48.579589
1711	23	\N	1	2020-06-24 06:05:30.784445
1712	20	\N	1	2020-06-24 06:05:56.6925
1713	166	\N	2	2020-06-24 06:06:33.65448
1714	97	\N	2	2020-06-24 06:07:08.238443
1715	102	\N	1	2020-06-24 06:08:09.097613
1716	87	\N	1	2020-06-24 06:08:43.734401
1717	88	\N	1	2020-06-24 08:19:54.270265
1718	53	\N	1	2020-06-24 08:20:20.091954
1719	84	\N	1	2020-06-24 08:20:46.95154
1720	92	\N	1	2020-06-24 08:21:32.717792
1721	130	\N	1	2020-06-24 08:22:06.748575
1722	134	\N	2	2020-06-24 08:22:28.34773
1723	147	\N	2	2020-06-24 08:26:08.309711
1724	107	\N	1	2020-06-24 08:26:39.914532
1725	81	\N	1	2020-06-24 08:27:13.469669
1726	147	\N	1	2020-06-24 08:27:44.566816
1727	97	\N	1	2020-06-24 08:28:20.080938
1728	166	\N	2	2020-06-24 08:29:16.587158
1729	19	\N	1	2020-06-24 08:30:42.751443
1730	105	\N	12	2020-06-24 08:32:15.387599
1731	148	\N	1	2020-06-24 08:34:06.867721
1732	166	\N	3	2020-06-24 08:35:49.709111
1733	166	\N	1	2020-06-24 08:36:38.545744
1734	1	\N	1	2020-06-24 08:37:06.869753
1735	106	\N	1	2020-06-24 08:37:26.809729
1736	55	\N	1	2020-06-24 08:37:56.841405
1737	78	\N	1	2020-06-24 08:48:58.271821
1738	83	\N	4	2020-06-24 08:49:30.287499
1739	54	\N	1	2020-06-24 09:47:20.195589
1740	46	\N	1	2020-06-24 09:48:24.156451
1741	79	\N	2	2020-06-24 09:48:45.387701
1742	132	\N	1	2020-06-24 09:49:13.705933
1743	91	\N	1	2020-06-24 09:49:34.59346
1744	118	\N	2	2020-06-24 09:49:57.41438
1745	134	\N	4	2020-06-24 09:50:43.859421
1746	83	\N	2	2020-06-24 09:51:39.389735
1747	85	\N	5	2020-06-25 07:46:38.473285
1748	158	\N	4	2020-06-25 07:47:39.947578
1749	23	\N	1	2020-06-25 07:48:41.123803
1750	118	\N	1	2020-06-25 07:49:26.623564
1751	148	\N	2	2020-06-25 07:49:59.350648
1752	134	\N	1	2020-06-25 07:50:40.653527
1753	132	\N	1	2020-06-25 07:51:12.458476
1754	97	\N	1	2020-06-25 07:51:35.471498
1755	128	\N	1	2020-06-25 07:52:31.399706
1756	85	\N	1	2020-06-25 07:53:07.74941
1757	20	\N	1	2020-06-25 08:16:54.557244
1758	75	\N	4	2020-06-25 08:17:26.513967
1759	70	\N	1	2020-06-25 08:23:43.371861
1760	148	\N	1	2020-06-25 08:24:07.258489
1761	87	\N	1	2020-06-25 08:24:34.371547
1762	131	\N	1	2020-06-25 08:26:28.371836
1763	1	\N	1	2020-06-25 08:27:08.144544
1764	55	\N	1	2020-06-25 08:27:33.805457
1765	166	\N	2	2020-06-25 08:28:02.223484
1766	84	\N	1	2020-06-25 08:28:34.374502
1767	24	\N	1	2020-06-29 06:08:20.179249
1768	73	\N	1	2020-06-29 06:08:52.205767
1769	75	\N	11	2020-06-29 06:09:44.976498
1770	106	\N	1	2020-06-29 06:11:13.804971
1771	55	\N	1	2020-06-29 06:11:51.097759
1772	159	\N	34	2020-06-29 06:12:32.633724
1773	53	\N	1	2020-06-29 06:13:43.536545
1774	216	\N	4	2020-06-29 06:14:07.661858
1775	86	\N	1	2020-06-29 06:15:04.653576
1776	84	\N	2	2020-06-29 06:15:32.30737
1777	117	\N	1	2020-07-01 07:30:40.881142
1778	132	\N	1	2020-07-01 07:31:36.917961
1779	112	\N	1	2020-07-01 07:32:21.239771
1780	21	\N	1	2020-07-01 07:32:49.273455
1781	53	\N	1	2020-07-01 07:33:17.350633
1782	107	\N	1	2020-07-01 07:33:38.714896
1783	158	\N	4	2020-07-01 07:34:12.909522
1784	57	\N	1	2020-07-01 07:34:55.197113
1785	97	\N	1	2020-07-01 07:35:28.918687
1786	54	\N	1	2020-07-01 07:36:10.275408
1787	75	\N	1	2020-07-02 06:16:21.345915
1788	159	\N	31	2020-07-02 06:17:20.592137
1789	86	\N	1	2020-07-02 06:18:33.564803
1790	131	\N	5	2020-07-02 06:19:25.028474
1791	46	\N	1	2020-07-02 06:20:15.550882
1792	23	\N	2	2020-07-02 06:22:41.466454
1793	128	\N	1	2020-07-02 06:23:05.397752
1794	88	\N	1	2020-07-02 06:23:38.828517
1795	134	\N	1	2020-07-02 06:24:04.624435
1796	216	\N	1	2020-07-02 06:24:39.665487
1797	221	\N	4	2020-07-07 06:21:11.899196
1798	22	\N	1	2020-07-07 06:22:06.290319
1799	46	\N	1	2020-07-07 06:22:58.553622
1800	79	\N	1	2020-07-07 06:23:18.854337
1801	134	\N	1	2020-07-07 06:23:49.558436
1802	70	\N	1	2020-07-07 06:24:30.147624
1803	112	\N	1	2020-07-07 06:25:16.791648
1804	117	\N	2	2020-07-07 06:25:44.488426
1805	91	\N	2	2020-07-07 06:26:32.891596
1806	97	\N	1	2020-07-07 06:27:00.106392
1807	85	\N	5	2020-07-08 06:38:32.873922
1808	85	\N	1	2020-07-08 06:39:30.330926
1809	92	\N	1	2020-07-08 06:41:50.655422
1810	23	\N	1	2020-07-08 06:42:23.539517
1811	166	\N	2	2020-07-08 06:44:58.450711
1812	79	\N	1	2020-07-08 06:49:20.063465
1813	98	\N	2	2020-07-08 06:49:54.972499
1814	147	\N	1	2020-07-08 06:50:42.286389
1815	97	\N	1	2020-07-08 06:54:16.235477
1816	218	\N	4	2020-07-08 06:56:48.68042
1817	128	\N	1	2020-07-09 06:24:53.781563
1818	55	\N	1	2020-07-09 06:25:30.688607
1819	70	\N	1	2020-07-09 06:25:59.865399
1820	222	\N	4	2020-07-09 06:26:23.098006
1821	148	\N	1	2020-07-09 06:27:29.034193
1822	217	\N	14	2020-07-09 06:28:34.51883
1823	88	\N	1	2020-07-09 06:30:25.865425
1824	54	\N	1	2020-07-09 06:40:30.760246
1825	78	\N	1	2020-07-09 06:41:02.979513
1826	117	\N	4	2020-07-09 06:41:30.998039
1827	130	\N	4	2020-07-10 06:17:17.864927
1828	83	\N	3	2020-07-10 06:17:54.887164
1829	105	\N	1	2020-07-10 06:18:45.781136
1830	132	\N	1	2020-07-10 06:19:13.479494
1831	130	\N	1	2020-07-10 06:19:49.737374
1832	23	\N	1	2020-07-10 06:20:17.349206
1833	57	\N	1	2020-07-10 06:20:35.769167
1834	134	\N	1	2020-07-10 06:21:01.365327
1835	85	\N	1	2020-07-10 06:21:28.853104
1836	217	\N	5	2020-07-10 06:22:00.242366
1837	92	\N	1	2020-07-13 06:20:36.799115
1838	81	\N	1	2020-07-13 06:21:24.794468
1839	166	\N	2	2020-07-13 06:22:49.341496
1840	19	\N	2	2020-07-13 06:23:30.151711
1841	87	\N	1	2020-07-13 06:24:26.5048
1842	158	\N	4	2020-07-13 06:25:21.051328
1843	23	\N	1	2020-07-13 06:26:24.682037
1844	219	\N	5	2020-07-13 06:26:41.584416
1845	128	\N	1	2020-07-13 06:27:40.779884
1846	85	\N	1	2020-07-13 06:28:51.059827
1847	46	\N	1	2020-07-15 15:03:30.965099
1848	112	\N	1	2020-07-15 15:03:57.275225
1849	22	\N	1	2020-07-15 15:04:39.801379
1850	132	\N	2	2020-07-15 15:05:15.38384
1851	23	\N	1	2020-07-15 15:05:37.967486
1852	217	\N	2	2020-07-15 15:05:58.190016
1853	217	\N	1	2020-07-15 15:06:51.30253
1854	97	\N	1	2020-07-15 15:07:52.032127
1855	118	\N	2	2020-07-15 15:09:10.929459
1856	73	\N	1	2020-07-15 15:09:55.01205
1857	102	\N	1	2020-09-06 10:11:42.011549
1858	118	\N	1	2020-09-06 10:12:33.015579
1859	92	\N	1	2020-09-06 10:13:45.102279
1860	21	\N	1	2020-09-06 10:14:40.035927
1861	98	\N	17	2020-09-06 10:15:11.827973
1862	131	\N	1	2020-09-06 10:17:41.4051
1863	128	\N	1	2020-09-06 10:18:15.917102
1864	134	\N	5	2020-09-06 10:18:51.546732
1865	134	\N	1	2020-09-06 10:19:38.861177
1866	221	\N	5	2020-09-06 10:20:56.20609
1867	73	\N	2	2020-09-06 10:38:39.403258
1868	97	\N	1	2020-09-06 10:39:07.959996
1869	86	\N	1	2020-09-06 10:39:40.87374
1870	107	\N	2	2020-09-06 10:40:13.992767
1871	117	\N	2	2020-09-06 10:41:14.68698
1872	130	\N	1	2020-09-06 10:41:58.277011
1873	23	\N	1	2020-09-06 10:42:30.576902
1874	83	\N	2	2020-09-06 10:43:15.921006
1875	148	\N	2	2020-09-06 10:43:55.517721
1876	217	\N	15	2020-09-06 10:44:41.093718
1877	85	\N	11	2020-09-06 10:48:58.992163
1878	148	\N	1	2020-09-06 10:49:56.318675
1879	24	\N	1	2020-09-06 10:50:26.412759
1880	221	\N	5	2020-09-06 10:50:52.044969
1881	158	\N	1	2020-09-06 10:52:28.372146
1882	53	\N	1	2020-09-06 10:52:51.481743
1883	79	\N	2	2020-09-06 10:53:19.149395
1884	22	\N	1	2020-09-06 10:53:56.955976
1885	107	\N	1	2020-09-06 10:54:13.302904
1886	57	\N	1	2020-09-06 10:54:46.162648
1887	75	\N	12	2020-09-06 10:57:20.81899
1888	98	\N	2	2020-09-06 10:58:43.5294
1889	79	\N	1	2020-09-06 10:59:57.185745
1890	220	\N	1	2020-09-06 11:00:25.351079
1891	75	\N	1	2020-09-06 11:00:59.65676
1892	222	\N	1	2020-09-06 11:01:58.88432
1893	81	\N	1	2020-09-06 11:02:33.388829
1894	216	\N	1	2020-09-06 11:03:40.339782
1895	223	\N	1	2020-09-06 11:04:18.399751
1896	88	\N	1	2020-09-06 11:04:56.855693
1897	73	\N	1	2020-09-06 17:34:50.723234
1898	225	\N	14	2020-09-06 17:35:14.586878
1899	83	\N	1	2020-09-06 17:36:33.44699
1900	98	\N	2	2020-09-06 17:37:21.907669
1901	219	\N	6	2020-09-06 17:38:23.098844
1902	85	\N	1	2020-09-06 17:39:42.511894
1903	105	\N	1	2020-09-06 17:40:44.715781
1904	159	\N	21	2020-09-06 17:41:28.626943
1905	106	\N	4	2020-09-06 17:42:10.664718
1906	147	\N	11	2020-09-06 17:43:22.118777
1907	24	\N	1	2020-09-07 08:05:06.879471
1908	106	\N	1	2020-09-07 08:05:38.696543
1909	105	\N	2	2020-09-07 08:06:11.893749
1910	128	\N	1	2020-09-07 08:07:01.874019
1911	118	\N	1	2020-09-07 08:07:24.249752
1912	70	\N	1	2020-09-07 08:07:53.776844
1913	87	\N	1	2020-09-07 08:08:11.141982
1914	79	\N	1	2020-09-07 08:31:34.542232
1915	158	\N	1	2020-09-07 08:32:04.162682
1916	134	\N	1	2020-09-07 08:32:51.527962
1917	131	\N	2	2020-09-07 08:36:10.141461
1918	225	\N	13	2020-09-07 09:13:16.568744
1919	85	\N	2	2020-09-07 09:14:58.570281
1920	46	\N	1	2020-09-07 09:15:51.135029
1921	117	\N	1	2020-09-07 09:16:30.711804
1922	107	\N	1	2020-09-07 09:17:18.940758
1923	86	\N	1	2020-09-07 09:17:50.32175
1924	97	\N	1	2020-09-07 09:18:20.488059
1925	55	\N	1	2020-09-07 09:19:00.181136
1926	88	\N	1	2020-09-07 09:19:35.262793
1927	53	\N	1	2020-09-07 09:23:51.380416
1928	221	\N	2	2020-09-07 09:24:19.779437
1929	220	\N	1	2020-09-07 09:25:13.704786
1930	85	\N	1	2020-09-07 09:25:34.606026
1931	105	\N	1	2020-09-07 09:26:02.437974
1932	91	\N	2	2020-09-07 09:26:48.530914
1933	225	\N	2	2020-09-07 09:27:29.88537
1934	73	\N	1	2020-09-07 09:28:19.337257
1935	223	\N	1	2020-09-07 09:28:51.159682
1936	218	\N	1	2020-09-07 09:30:31.368689
\.


--
-- Name: result_id_seq; Type: SEQUENCE SET; Schema: public; Owner: postgres
--

SELECT pg_catalog.setval('result_id_seq', 1936, true);


--
-- Data for Name: sentence; Type: TABLE DATA; Schema: public; Owner: postgres
--

COPY sentence (id, sentence, sentence_en, category, created) FROM stdin;
1	Yo voy a la casa	I am going home	1	2019-02-23 18:54:35.22106
2	Hola Amigo	Hello Friend	16	2019-02-24 19:19:22.325917
3	No Lo Se	I Don'T Know	16	2019-02-24 19:29:17.31968
4	Vamos Rafa	Come On Rafa	11	2019-02-24 21:42:12.059316
5	Buenos Dias	Good Morning	2	2019-02-24 21:46:02.969987
6	Buenos Tardes	Good Afternoon	2	2019-02-24 21:46:33.419927
7	Gracias De Nuevo	Thanks Again	16	2019-03-01 08:13:48.440249
8	Que Dia Es Hoy ?	What Day Is Today ?	2	2019-03-04 10:22:30.622088
9	En Serio ? Pense Que Era Sabado	Really ? I Thought It Was Saturday	2	2019-03-04 10:30:55.95624
10	Tienes Una Cerca	Do You Have A Fence	21	2019-03-05 10:32:22.725256
11	Puede Repetir, Por Favor ?	Can You Please Repeat ?	22	2019-03-05 19:07:01.866472
12	Como Se Dice "Orange" En Espaol ?	How Do You Say "Orange" In Spanish ?	22	2019-03-05 19:09:30.069118
13	Como Se Escribe ?	How Is This Written ?	22	2019-03-05 19:10:56.993494
14	Que Significa Arroz ?	What Does Rice Mean ?	22	2019-03-05 19:12:14.495858
15	No Es Rico, Pero Tiene Un Buen Vivir	He Is Not Rich, But He Has Good Lifestyle	18	2019-03-06 08:49:43.82124
16	Mi Mayor Preocupacin Ahora Mismo Es Estudiar Para El Examen Final	My Biggest Concern Right Now Is Studying For The Final Exam	16	2019-03-07 08:14:19.122269
17	Cual Es La Diferencia Entre A Y B ?	What Is The Difference Between A And B ?	22	2019-03-07 11:02:46.62196
18	Quedan Asientos Para Nosotros ?	Are There Any Seats Left For Us ?	22	2019-03-07 11:34:25.350033
19	No Nos Quedan Huevos. Hay Que Comprar Mas	We Don'T Have Any Eggs Left. We Need To Buy More	18	2019-03-07 11:38:02.595217
20	No Nos Queda Tiempo Para Ir Al Museo	We Don'T Have Time To Go To The Museum	16	2019-03-07 11:41:58.696084
21	El Restaurante Queda A Tres Calles De Aqui	The Restaurant Is Three Streets Away From Here	16	2019-03-07 11:43:15.791255
22	Donde Quedamos ?	Where Shall We Meet ?	22	2019-03-07 11:44:10.13427
23	Quedamos En La Puerta Principal	We Agreed To Meet At The Front Door	16	2019-03-07 11:45:12.821263
24	He Quedado Con Mi Abogado A Las 10 Am Porque Quiero Pedirle Consejo Sobre El Tema	I'Ve Arranged To Meet My Lawyer At 10 Am Because I Want To Ask Him For Advice On The Matter	16	2019-03-07 11:47:24.787262
25	La Talla M Me Queda	Size M Fits Me	16	2019-03-07 11:51:19.864313
26	Estoy Orgulloso De Ti	I'M Proud Of You	16	2019-03-14 09:01:53.191106
\.


--
-- Name: sentence_id_seq; Type: SEQUENCE SET; Schema: public; Owner: postgres
--

SELECT pg_catalog.setval('sentence_id_seq', 26, true);


--
-- Data for Name: verb; Type: TABLE DATA; Schema: public; Owner: postgres
--

COPY verb (id, word, tense, yo, tu, usted, nosotros, vosotros, ustedes, created) FROM stdin;
1	1	Present	Voy	Vas	Va	Vamos	Vais	Van	2019-02-23 18:49:51.221054
4	21	Present	Hablo	Hablas	Habla	Hablamos	Hablais	Hablan	2019-02-26 20:36:51.357197
5	22	Present	Veo	Ves	Ve	Vemos	Veis	Ven	2019-02-26 20:38:02.55745
6	23	Present	Como	Comes	Come	Comemos	Comeis	Comen	2019-02-26 20:39:34.287214
7	24	Present	Puedo	Puedes	Puede	Podemos	Podeis	Pueden	2019-02-26 20:41:02.499241
8	46	Present	Doblo	Doblas	Dobla	Doblamos	Doblais	Doblan	2019-03-02 20:45:53.695637
9	53	Present	Estoy	Estas	Esta	Estamos	Estais	Estan	2019-03-04 10:27:56.780236
10	54	Present	Soy	Eres	Es	Somos	Sois	Son	2019-03-04 10:28:50.51968
11	55	Present	Pienso	Piensas	Piensa	Pensamos	Pensais	Piensan	2019-03-04 10:32:09.642245
2	19	Present	Leo	lees	Lee	Leemos	Leeis	Leen	2019-02-24 18:53:06.353685
12	57	Present	Llego	Llegas	Llega	Llegamos	Llegais	Llegan	2019-03-04 10:36:27.554401
3	20	Present	Escucho	Escuchas	Escucha	Escuchamos	Escuchais	Escuchan	2019-02-26 20:32:36.99136
13	70	Present	Nado	Nadas	Nada	Nadamos	Nadais	Nadan	2019-03-05 10:33:42.282222
14	73	Present	Gano	Ganas	Gana	Ganamos	Ganais	Ganan	2019-03-05 10:53:40.524028
15	75	Present	Me Acuerdo	Te Acuerdas	Se Acuerda	Nos Acordamos	Os Acordais	Se Acuerdan	2019-03-05 12:27:51.228266
16	78	Present	Bailo	Bailas	Baila	Bailamos	Bailais	Bailan	2019-03-05 12:45:10.70018
17	79	Present	Vengo	Vienes	Viene	Venimos	Venis	Vienen	2019-03-05 12:49:04.5522
18	81	Present	Bajo	Bajas	Baja	Bajamos	Bajais	Bajan	2019-03-05 12:53:35.720085
19	83	Present	Deletreo	Deletreas	Deletrea	Deletreamos	Deletreais	Deletrean	2019-03-05 18:57:19.752882
20	84	Present	Empiezo	Empiezas	Empieza	Empezamos	Empezais	Empiezan	2019-03-05 19:00:02.212037
21	85	Present	Digo	Dices	Dice	Decimos	Decis	Dicen	2019-03-05 19:02:45.197636
22	86	Present	Gusto	Gustas	Gusta	Gustamos	Gustais	Gustan	2019-03-05 19:28:24.93887
23	87	Present	Creo	Crees	Cree	Creemos	Creeis	Creen	2019-03-06 08:36:01.683949
24	88	Present	Creo	Creas	Crea	Creamos	Creais	Crean	2019-03-06 08:38:14.073252
25	91	Present	Vivo	Vives	Vive	Vivimos	Vivis	Viven	2019-03-06 08:47:31.521999
26	92	Present	Aprendo	Aprendes	Aprende	Aprendemos	Aprendeis	Aprenden	2019-03-06 08:55:22.089267
27	97	Present	Encuentro	Encuentras	Encuentra	Encontramos	Encontrais	Encuentran	2019-03-06 09:46:29.987208
28	98	Present	Me Siento	Te Sientas	Se Sienta	Nos Sentamos	Os Sentais	Se Sientan	2019-03-06 10:29:51.169191
29	102	Present	Envio	Envias	Envia	Enviamos	Enviais	Envian	2019-03-06 12:45:31.458174
30	105	Present	Salgo	Sales	Sale	Salimos	Salis	Salen	2019-03-06 12:49:30.254184
31	106	Present	Bloqueo	Bloqueas	Bloquea	Bloqueamos	Bloqueais	Bloquean	2019-03-06 12:59:20.925014
32	107	Present	Descargo	Descargas	Descarga	Descargamos	Descargais	Descargan	2019-03-06 13:15:58.030378
33	112	Present	Quedo	Quedas	Queda	Quedamos	Quedais	Quedan	2019-03-07 11:27:10.34922
34	117	Present	Intento	Intentas	Intenta	Intentamos	Intentais	Intentan	2019-03-07 11:53:43.725162
35	118	Present	Vuelvo	Vuelves	Vuelve	Volvemos	Volveis	Vuelven	2019-03-07 11:56:39.986274
36	128	Present	Hago	Haces	Hace	Hacemos	Haceis	Hacen	2019-03-09 20:58:24.54808
37	130	Present	Borro	Borras	Borra	Borramos	Borrais	Borran	2019-03-11 12:31:47.673223
38	131	Present	Acobo	Acobas	Acoba	Acobamos	Acobais	Acoban	2019-03-11 12:34:12.572361
39	132	Present	Abro	Abres	Abre	Abrimos	Abris	Abren	2019-03-11 12:35:27.221264
40	134	Present	Cierro	Cierras	Cierra	Cerramos	Cerrais	Cierran	2019-03-11 12:38:26.623115
41	147	Present	Muevo	Mueves	Mueve	Movemos	Moveis	Mueven	2019-03-28 07:53:36.455199
42	148	Present	Abrazo	Abrazas	Abraza	Abrazamos	Abrazais	Abrazan	2019-03-28 08:52:29.356649
43	158	Present	Apunto	Apuntas	Apunta	Apuntamos	Apuntais	Apuntan	2020-01-02 18:30:50.47303
44	159	Present	Oigo	Oyes	Oye	Oimos	Ois	Oyen	2020-01-02 18:33:20.475216
45	166	Present	Dejo	Dejas	Deja	Dejamos	Dejais	Dejan	2020-01-09 19:42:46.547856
46	216	Present	Olvido	Olvidas	Olvida	Olvidamos	Olvidais	Olvidan	2020-05-15 07:28:29.677876
47	217	Present	Detengo	Detienes	Detiene	Detenemos	Deteneis	Detienen	2020-06-26 08:49:03.401021
48	218	Present	Sucedo	Sucedes	Sucede	Sucedemos	Sucedeis	Suceden	2020-06-29 11:11:53.562221
49	219	Present	Pierdo	Pierdes	Pierde	Perdemos	Perdeis	Pierden	2020-06-30 07:53:15.212973
50	220	Present	Tomo	Tomas	Toma	Tomamos	Tomais	Toman	2020-07-02 06:13:10.514248
51	221	Present	Subo	Subes	Sube	Subimos	Subis	Suben	2020-07-02 06:34:02.585935
52	222	Present	Espero	Esperas	Espera	Esperamos	Esperais	Esperan	2020-07-04 11:52:10.627933
53	223	Present	Deseo	Deseas	Desea	Deseamos	Deseais	Desean	2020-07-04 11:53:54.90311
54	225	Present	Pongo	Pones	Pone	Ponemos	Poneis	Ponen	2020-07-16 07:19:45.717929
\.


--
-- Name: verb_id_seq; Type: SEQUENCE SET; Schema: public; Owner: postgres
--

SELECT pg_catalog.setval('verb_id_seq', 54, true);


--
-- Data for Name: word; Type: TABLE DATA; Schema: public; Owner: postgres
--

COPY word (id, word, word_en, category, created) FROM stdin;
1	Ir	Go	1	2019-02-23 18:43:29.258122
2	Sabado	Saturday	2	2019-02-23 18:43:29.258122
3	Febrero	February	3	2019-02-23 18:43:29.258122
19	Leer	Read	1	2019-02-24 18:53:06.353685
20	Escuchar	Listen	1	2019-02-26 20:32:36.99136
21	Hablar	Speak	1	2019-02-26 20:36:51.357197
22	Ver	See	1	2019-02-26 20:38:02.55745
23	Comer	Eat	1	2019-02-26 20:39:34.287214
24	Poder	Can	1	2019-02-26 20:41:02.499241
28	Cocina	Kitchen	16	2019-03-01 08:08:46.644978
31	Algo	Something	16	2019-03-01 08:12:38.554209
32	Pobrecito	Poor	16	2019-03-01 08:13:07.458171
34	Casi	Almost	16	2019-03-01 08:14:23.76802
36	Entonces	So	16	2019-03-01 08:15:15.723032
37	Noticias	News	16	2019-03-01 11:05:32.640175
38	Periodico	Newspaper	16	2019-03-01 11:06:28.280206
39	Revista	Magazine	16	2019-03-01 11:07:06.384296
40	Suerte	Luck	11	2019-03-01 11:07:43.923955
41	Odiar	Hate	11	2019-03-01 11:24:37.355
43	Amor	Love	11	2019-03-01 11:26:23.69799
44	Bienvenido	Welcome	17	2019-03-01 11:27:15.019994
45	Adios	Goodbye	17	2019-03-01 11:27:39.737237
25	Hola	Hello	17	2019-03-01 08:06:46.999297
29	Ingobernable	Ungovernable	18	2019-03-01 08:11:20.099291
33	Vendido	Sold	18	2019-03-01 08:13:25.761287
35	Listo	Ready	18	2019-03-01 08:14:40.322975
27	Seguramente	Surely	19	2019-03-01 08:08:07.621151
7	El Carnaval	Carnival	20	2019-02-24 13:13:01.17387
4	Corona	Crown	21	2019-02-23 21:38:24.860843
107	Descargar	Download, Unload	1	2019-03-06 13:15:58.030378
6	Portezuela	door	21	2019-02-24 12:45:40.956604
46	Doblar	Fold - Bend - Double - Turn - Toll	1	2019-03-02 20:45:53.695637
47	Lunes	Monday	2	2019-03-04 10:17:56.891978
48	Martes	Tuesday	2	2019-03-04 10:18:16.819677
49	Miercoles	Wednesday	2	2019-03-04 10:18:43.319687
50	Jueves	Thursday	2	2019-03-04 10:19:11.019696
51	Viernes	Friday	2	2019-03-04 10:19:26.119681
52	Domingo	Sunday	2	2019-03-04 10:19:40.238178
54	Ser	To Be	1	2019-03-04 10:28:50.51968
55	Pensar	Think	1	2019-03-04 10:32:09.642245
57	Llegar	Arrive	1	2019-03-04 10:36:27.554401
58	Enero	January	3	2019-03-04 10:40:19.138377
59	Marzo	March	3	2019-03-04 10:40:35.319676
60	Abril	April	3	2019-03-04 10:40:56.294182
61	Mayo	May	3	2019-03-04 10:41:12.934443
62	Junio	June	3	2019-03-04 10:41:29.036279
63	Julio	July	3	2019-03-04 10:41:45.668344
64	Agosto	August	3	2019-03-04 10:42:19.932352
65	Septiembre	September	3	2019-03-04 10:42:49.242372
66	Octubre	October	3	2019-03-04 10:43:10.528585
68	Diciembre	December	3	2019-03-04 10:44:26.436686
67	Noviembre	November	3	2019-03-04 10:43:41.966386
69	Cerca	Near - Wall - Fence	21	2019-03-05 10:31:12.940257
70	Nadar	Swim	1	2019-03-05 10:33:42.282222
71	Ajemplo	Example	21	2019-03-05 10:36:33.799178
72	El Amanecer	Dawn	5	2019-03-05 10:47:53.726251
73	Ganar	Win, Earn, Make, Beat, Capture, Gain, Save, Reach	1	2019-03-05 10:53:40.524028
75	Acordar	Agree	1	2019-03-05 12:27:51.228266
76	Deportivo	Sport	21	2019-03-05 12:37:25.099043
78	Bailar	Dance	1	2019-03-05 12:45:10.70018
79	Venir	Come	1	2019-03-05 12:49:04.5522
80	Baja	Low, Fall, Loss, Injured In Sport	21	2019-03-05 12:50:56.678074
81	Bajar	Go Down, Drop, Get Off, Get Out, Fall	1	2019-03-05 12:53:35.720085
82	Cuaderno	Notebook	21	2019-03-05 18:54:47.749844
83	Deletrear	Spell	1	2019-03-05 18:57:19.752882
84	Empezar	Start	1	2019-03-05 19:00:02.212037
85	Decir	Say	1	2019-03-05 19:02:45.197636
30	Pelicula	Movie	16	2019-03-01 08:11:45.924929
86	Gustar	Like, Taste	1	2019-03-05 19:28:24.93887
87	Creer	Believe, Think	1	2019-03-06 08:36:01.683949
88	Crear	Create, Produce	1	2019-03-06 08:38:14.073252
89	Rico	Rich	18	2019-03-06 08:45:29.330262
90	Pobre	Poor	18	2019-03-06 08:46:32.360024
91	Vivir	Live, Lifestyle	1	2019-03-06 08:47:31.521999
92	Aprender	Learn, Memorize	1	2019-03-06 08:55:22.089267
93	Hoy	Today	6	2019-03-06 08:57:14.583166
94	Ayer	Yesterday	6	2019-03-06 08:57:48.374185
95	Palabra	Word	21	2019-03-06 08:58:36.101282
96	Idioma	Language	21	2019-03-06 08:59:03.573233
97	Encontrar	Find, Discover, Encounter	1	2019-03-06 09:46:29.987208
98	Sentar	Sit Down	1	2019-03-06 10:29:51.169191
99	El Muerzo	Lunch	7	2019-03-06 10:31:58.992008
100	Desayuno	Breakfast	7	2019-03-06 10:32:42.759158
101	La Cena	Dinner	7	2019-03-06 10:33:12.726984
102	Enviar	Send, Ship	1	2019-03-06 12:45:31.458174
103	Correo	Mail	21	2019-03-06 12:47:00.736246
104	Advertencia	Warning, Advice	21	2019-03-06 12:48:06.767019
105	Salir	Leave	1	2019-03-06 12:49:30.254184
106	Bloquear	Block	1	2019-03-06 12:59:20.925014
108	Amable	Friendly, Kind	18	2019-03-06 20:23:35.988303
109	Preocupacion	Concern, Worry	11	2019-03-07 08:10:25.756329
110	Mayor	Major, Higher	18	2019-03-07 08:15:47.021007
111	Mismo	Same, Just	18	2019-03-07 08:19:15.774301
112	Quedar	Be Left, Stay, To Have, To Be, To Meet, Agree To Meet, Arrange To Meet, To Fit	1	2019-03-07 11:27:10.34922
113	Bastante	Quite, Enough	18	2019-03-07 11:39:00.657932
114	Huevo	Egg	7	2019-03-07 11:40:08.154
115	Tema	Matter	21	2019-03-07 11:46:14.33227
116	Talla	Size, Height, Stature	21	2019-03-07 11:50:07.241277
117	Intentar	Try, Attempt	1	2019-03-07 11:53:43.725162
118	Volver	Return	1	2019-03-07 11:56:39.986274
119	Lluvia	Rain	12	2019-03-07 13:05:23.675068
120	Frio	Cold	12	2019-03-07 13:05:53.848238
121	Calentar	Warm, Heat	12	2019-03-07 13:06:40.384254
122	Ventoso	Windy	12	2019-03-07 13:07:40.480201
123	Vaso	Glass, Cup	21	2019-03-08 08:18:21.090999
124	Sur	South	23	2019-03-09 20:22:34.063049
125	Norte	North	23	2019-03-09 20:23:07.921093
126	Oeste	West	23	2019-03-09 20:23:34.981047
127	Este	East	23	2019-03-09 20:24:04.80314
128	Hacer	Do, Make	1	2019-03-09 20:58:24.54808
129	Superpotencia	Superpower	18	2019-03-10 10:49:57.319708
130	Borrar	Delete	1	2019-03-11 12:31:47.673223
131	Acobar	Finish, End	1	2019-03-11 12:34:12.572361
132	Abrir	Open	1	2019-03-11 12:35:27.221264
134	Cerrar	Close	1	2019-03-11 12:38:26.623115
53	Estar	To Be (Temporary)	1	2019-03-04 10:27:56.780236
26	Asi Que	So That	16	2019-03-01 08:07:42.357177
135	Uno	One	4	2019-03-11 19:16:26.628077
136	Dos	Two	4	2019-03-11 19:16:38.758112
137	Tres	Three	4	2019-03-11 19:17:44.89883
138	Cuatro	Four	4	2019-03-11 19:18:32.719691
139	Cinco	Five	4	2019-03-11 19:19:43.724696
140	Seis	Six	4	2019-03-11 19:20:00.119709
141	Siete	Seven	4	2019-03-11 19:20:14.75676
142	Ocho	Eight	4	2019-03-11 19:20:25.936699
143	Nueve	Nine	4	2019-03-11 19:21:00.160858
144	Diez	Ten	4	2019-03-11 19:21:17.255666
145	Orgullo	Pride	18	2019-03-14 09:01:17.958902
146	Chismorreo	Gossip	21	2019-03-18 13:31:30.18188
147	Mover	Move	1	2019-03-28 07:53:36.455199
148	Abrazar	Hug	1	2019-03-28 08:52:29.356649
149	Primavera	Spring	12	2019-03-28 19:14:19.101463
150	Procer	Hero	21	2019-04-07 11:25:23.283583
151	Siempre	Always, Forever	19	2019-04-08 09:54:07.463799
152	Desapacible	Unpleasant	18	2019-04-22 09:15:40.440717
153	Buenaventura	Good Fortune	21	2019-04-22 09:16:29.562557
154	Afanoso	Hard	18	2019-04-22 09:18:16.543415
155	Estio	Summer	12	2019-05-07 17:19:18.868741
156	Precio	Price	21	2020-01-02 18:28:00.249046
157	Apellido	Surname	21	2020-01-02 18:28:37.120666
158	Apuntar	Aim, Sign Up	1	2020-01-02 18:30:50.47303
159	Oir	Hear	1	2020-01-02 18:33:20.475216
160	Encima	Above	23	2020-01-09 19:21:27.847083
161	Debajo	Below	23	2020-01-09 19:21:55.570846
162	Delante	In Front	23	2020-01-09 19:22:53.702833
163	Detras	Behind	23	2020-01-09 19:23:14.704123
164	Entre	Between	23	2020-01-09 19:23:46.804158
165	Al Lado	Next To	23	2020-01-09 19:24:03.284156
166	Dejar	Leave	1	2020-01-09 19:42:46.547856
167	Cara	Face	24	2020-04-06 08:45:38.899474
168	Barbilla	Chin	24	2020-04-06 08:47:04.804748
169	Mejilla	Cheek	24	2020-04-06 08:47:53.744681
170	Boca	Mouth	24	2020-04-06 08:48:22.110008
171	Nariz	Nose	24	2020-04-06 08:48:50.497974
172	Ceja	Eyebrow	24	2020-04-06 08:49:41.387667
173	Ojo	Eye	24	2020-04-06 08:52:55.89988
174	Frente	Forehead	24	2020-04-06 08:53:47.737695
175	Oreja	Ear	24	2020-04-06 08:54:27.097692
176	Pelo	Hair	24	2020-04-09 07:02:52.76398
177	Cuerpo	Body	25	2020-04-09 07:29:35.757765
178	Hueso	Bone	25	2020-04-09 07:30:49.751979
179	Cabeza	Head	25	2020-04-09 07:31:19.993655
180	Cuello	Nek	25	2020-04-09 07:31:50.233676
181	Pecho	Chest	25	2020-04-09 07:32:14.234664
182	Estomago	Stomach	25	2020-04-09 07:32:58.199905
183	Cintura	Waist	25	2020-04-09 07:34:13.530664
184	Pierna	Leg	25	2020-04-09 07:34:50.231634
185	Rodilla	Knee	25	2020-04-09 07:35:21.68164
186	Pie	Foot	25	2020-04-09 07:35:58.388744
187	Hombro	Shoulder	25	2020-04-09 07:36:52.444669
188	Brazo	Arm	25	2020-04-09 07:37:23.996692
189	Codo	Elbow	25	2020-04-09 07:38:18.078694
190	Mano	Hand	25	2020-04-09 07:38:43.656709
191	Muneca	Wrist	25	2020-04-09 07:40:08.763645
192	Nudillo	Knuckle	25	2020-04-09 07:41:23.959662
193	Dedo	Finger	25	2020-04-09 07:41:48.788718
194	Una	Finger Nail	25	2020-04-09 07:42:19.909666
195	Tobillo	Ankle	25	2020-04-09 07:43:03.559688
196	Talon	Heel	25	2020-04-09 07:43:28.753848
197	Dedo	Toe	25	2020-04-09 07:43:49.560884
198	Clavicula	Clavicle	25	2020-04-21 09:59:31.427731
199	Corazon	Heart	25	2020-04-21 10:00:42.632734
200	Cerebro	Brain	25	2020-04-21 10:01:14.166666
201	Costillas	Ribs	25	2020-04-21 10:02:14.51775
202	Craneo	Skull	25	2020-04-22 07:43:23.411673
203	Esternon	Breastbone	25	2020-04-22 07:44:38.536885
205	Femur	Femur	25	2020-04-22 07:48:24.70366
206	Humero	Humerus	25	2020-04-22 07:50:02.740652
207	Intestinos	Bowels	25	2020-04-22 07:51:00.718803
208	Organos	Organs	25	2020-04-22 07:51:36.504663
209	Pelvis	Pelvis	25	2020-04-22 07:57:48.73277
210	Pulmon	Lung	25	2020-04-22 07:58:22.416748
211	Rotula	Ball Joint	25	2020-04-22 07:59:14.903863
212	Traquea	Windpipe	25	2020-04-22 08:00:12.950853
213	Vertebras	Vertebrae	25	2020-04-22 08:01:30.335667
216	Olvidar	Forget	1	2020-05-15 07:28:29.677876
217	Detener	Detain, Stop, Halt	1	2020-06-26 08:49:03.401021
218	Suceder	Happen, Follow	1	2020-06-29 11:11:53.562221
219	Perder	Lose	1	2020-06-30 07:53:15.212973
220	Tomar	Take, Drink	1	2020-07-02 06:13:10.514248
221	Subir	Go Up	1	2020-07-02 06:34:02.585935
222	Esperar	Wait	1	2020-07-04 11:52:10.627933
223	Desear	Wish	1	2020-07-04 11:53:54.90311
225	Poner	Put	1	2020-07-16 07:19:45.717929
\.


--
-- Name: word_id_seq; Type: SEQUENCE SET; Schema: public; Owner: postgres
--

SELECT pg_catalog.setval('word_id_seq', 225, true);


--
-- Name: category_pkey; Type: CONSTRAINT; Schema: public; Owner: spanglish_scripter; Tablespace: 
--

ALTER TABLE ONLY category
    ADD CONSTRAINT category_pkey PRIMARY KEY (id);


--
-- Name: result_pkey; Type: CONSTRAINT; Schema: public; Owner: postgres; Tablespace: 
--

ALTER TABLE ONLY result
    ADD CONSTRAINT result_pkey PRIMARY KEY (id);


--
-- Name: sentence_pkey; Type: CONSTRAINT; Schema: public; Owner: postgres; Tablespace: 
--

ALTER TABLE ONLY sentence
    ADD CONSTRAINT sentence_pkey PRIMARY KEY (id);


--
-- Name: sentence_sentence_sentence_en_key; Type: CONSTRAINT; Schema: public; Owner: postgres; Tablespace: 
--

ALTER TABLE ONLY sentence
    ADD CONSTRAINT sentence_sentence_sentence_en_key UNIQUE (sentence, sentence_en);


--
-- Name: verb_pkey; Type: CONSTRAINT; Schema: public; Owner: postgres; Tablespace: 
--

ALTER TABLE ONLY verb
    ADD CONSTRAINT verb_pkey PRIMARY KEY (id);


--
-- Name: verb_word_tense_key; Type: CONSTRAINT; Schema: public; Owner: postgres; Tablespace: 
--

ALTER TABLE ONLY verb
    ADD CONSTRAINT verb_word_tense_key UNIQUE (word, tense);


--
-- Name: word_pkey; Type: CONSTRAINT; Schema: public; Owner: postgres; Tablespace: 
--

ALTER TABLE ONLY word
    ADD CONSTRAINT word_pkey PRIMARY KEY (id);


--
-- Name: word_word_word_en_key; Type: CONSTRAINT; Schema: public; Owner: postgres; Tablespace: 
--

ALTER TABLE ONLY word
    ADD CONSTRAINT word_word_word_en_key UNIQUE (word, word_en);


--
-- Name: result_sentence_fkey; Type: FK CONSTRAINT; Schema: public; Owner: postgres
--

ALTER TABLE ONLY result
    ADD CONSTRAINT result_sentence_fkey FOREIGN KEY (sentence) REFERENCES sentence(id);


--
-- Name: result_word_fkey; Type: FK CONSTRAINT; Schema: public; Owner: postgres
--

ALTER TABLE ONLY result
    ADD CONSTRAINT result_word_fkey FOREIGN KEY (word) REFERENCES word(id);


--
-- Name: sentence_category_fkey; Type: FK CONSTRAINT; Schema: public; Owner: postgres
--

ALTER TABLE ONLY sentence
    ADD CONSTRAINT sentence_category_fkey FOREIGN KEY (category) REFERENCES category(id);


--
-- Name: verb_word_fkey; Type: FK CONSTRAINT; Schema: public; Owner: postgres
--

ALTER TABLE ONLY verb
    ADD CONSTRAINT verb_word_fkey FOREIGN KEY (word) REFERENCES word(id);


--
-- Name: word_category_fkey; Type: FK CONSTRAINT; Schema: public; Owner: postgres
--

ALTER TABLE ONLY word
    ADD CONSTRAINT word_category_fkey FOREIGN KEY (category) REFERENCES category(id);


--
-- Name: public; Type: ACL; Schema: -; Owner: postgres
--

REVOKE ALL ON SCHEMA public FROM PUBLIC;
REVOKE ALL ON SCHEMA public FROM postgres;
GRANT ALL ON SCHEMA public TO postgres;
GRANT ALL ON SCHEMA public TO PUBLIC;


--
-- Name: category; Type: ACL; Schema: public; Owner: spanglish_scripter
--

REVOKE ALL ON TABLE category FROM PUBLIC;
REVOKE ALL ON TABLE category FROM spanglish_scripter;
GRANT ALL ON TABLE category TO spanglish_scripter;


--
-- Name: category_id_seq; Type: ACL; Schema: public; Owner: spanglish_scripter
--

REVOKE ALL ON SEQUENCE category_id_seq FROM PUBLIC;
REVOKE ALL ON SEQUENCE category_id_seq FROM spanglish_scripter;
GRANT ALL ON SEQUENCE category_id_seq TO spanglish_scripter;


--
-- Name: result; Type: ACL; Schema: public; Owner: postgres
--

REVOKE ALL ON TABLE result FROM PUBLIC;
REVOKE ALL ON TABLE result FROM postgres;
GRANT ALL ON TABLE result TO postgres;
GRANT ALL ON TABLE result TO spanglish_scripter;


--
-- Name: result_id_seq; Type: ACL; Schema: public; Owner: postgres
--

REVOKE ALL ON SEQUENCE result_id_seq FROM PUBLIC;
REVOKE ALL ON SEQUENCE result_id_seq FROM postgres;
GRANT ALL ON SEQUENCE result_id_seq TO postgres;
GRANT SELECT,USAGE ON SEQUENCE result_id_seq TO spanglish_scripter;


--
-- Name: sentence; Type: ACL; Schema: public; Owner: postgres
--

REVOKE ALL ON TABLE sentence FROM PUBLIC;
REVOKE ALL ON TABLE sentence FROM postgres;
GRANT ALL ON TABLE sentence TO postgres;
GRANT ALL ON TABLE sentence TO spanglish_scripter;


--
-- Name: sentence_id_seq; Type: ACL; Schema: public; Owner: postgres
--

REVOKE ALL ON SEQUENCE sentence_id_seq FROM PUBLIC;
REVOKE ALL ON SEQUENCE sentence_id_seq FROM postgres;
GRANT ALL ON SEQUENCE sentence_id_seq TO postgres;
GRANT SELECT,USAGE ON SEQUENCE sentence_id_seq TO spanglish_scripter;


--
-- Name: verb; Type: ACL; Schema: public; Owner: postgres
--

REVOKE ALL ON TABLE verb FROM PUBLIC;
REVOKE ALL ON TABLE verb FROM postgres;
GRANT ALL ON TABLE verb TO postgres;
GRANT ALL ON TABLE verb TO spanglish_scripter;


--
-- Name: verb_id_seq; Type: ACL; Schema: public; Owner: postgres
--

REVOKE ALL ON SEQUENCE verb_id_seq FROM PUBLIC;
REVOKE ALL ON SEQUENCE verb_id_seq FROM postgres;
GRANT ALL ON SEQUENCE verb_id_seq TO postgres;
GRANT SELECT,USAGE ON SEQUENCE verb_id_seq TO spanglish_scripter;


--
-- Name: word; Type: ACL; Schema: public; Owner: postgres
--

REVOKE ALL ON TABLE word FROM PUBLIC;
REVOKE ALL ON TABLE word FROM postgres;
GRANT ALL ON TABLE word TO postgres;
GRANT ALL ON TABLE word TO spanglish_scripter;


--
-- Name: word_id_seq; Type: ACL; Schema: public; Owner: postgres
--

REVOKE ALL ON SEQUENCE word_id_seq FROM PUBLIC;
REVOKE ALL ON SEQUENCE word_id_seq FROM postgres;
GRANT ALL ON SEQUENCE word_id_seq TO postgres;
GRANT SELECT,USAGE ON SEQUENCE word_id_seq TO spanglish_scripter;


--
-- PostgreSQL database dump complete
--

